id,open,close,low,high,amount,vol,count
1673798400,20908.69,20920.01,20861.53,20952.61,152.138432,3185082.094,1718
1673712000,20785.94,20910.01,20575,21069.12,1993.365077,41411931.92,55283
1673625600,19262,20785.94,19072.4,21300,10443.46353,214606092.9,200914
1673539200,18095,19259.95,18057.07,19301.96,5292.386629,99548180.78,95556
1673452800,17330.84,18095,17324.79,18360.17,6336.709633,114483985.9,104178
1673366400,17324.15,17330.83,17276.59,17500,2122.157194,36950278.15,50056
1673280000,17268.38,17323.16,17134.49,17390,2458.794604,42432672.41,51294
1673193600,16996.11,17269.17,16919.01,17322.86,3129.380706,53791491,54762
1673107200,16936.87,16996.1,16905.63,17011.96,705.4044833,11949023.07,20214
1673020800,16837.28,16936.88,16807.19,17027.34,1341.806052,22691336.79,30124
1672934400,16843.8,16839.92,16683.53,16870.01,1845.525797,30990293.45,42703
1672848000,16851.95,16843.8,16760.01,16979,2057.457347,34653287.75,46728
1672761600,16677.1,16851.14,16607.28,16906.7,1753.717077,29437853.76,41250
1672675200,16734.23,16680.36,16621.96,16791.66,1535.367418,25661883.89,33521
1672588800,16558.01,16734.18,16550.11,16750,1891.813545,31557354.18,36086
1672502400,16591.44,16558.01,16475,16610,937.6800628,15510472.12,25792
1672416000,16553.27,16592.22,16510.78,16655.45,1285.264858,21293373.45,33621
1672329600,16613.16,16553.82,16348.57,16651.95,2648.559714,43788310.68,47756
1672243200,16576.54,16613.15,16460,16664.1,2600.064923,43096028.47,45254
1672156800,16797.69,16577.37,16569.87,16800.86,2500.768614,41690406.09,48376
1672070400,16806.5,16809.16,16735,16963.78,2732.58072,46028472.98,49839
1671984000,16793.01,16806.53,16735,16911,1840.536026,30985514.44,40178
1671897600,16832.69,16793.33,16730,16856.98,1306.644572,21979505.91,25427
1671811200,16832.36,16832.7,16770.25,16853,1453.231375,24449307.89,31415
1671724800,16636.59,16836.43,16565.08,16919,3239.283079,54373515.18,52006
1671638400,16853,16635.58,16614.68,16864.63,3201.779765,53780666.67,50535
1671552000,16920,16853,16730,16932,3546.36248,59738477.82,57915
1671465600,16670.01,16920,16300.02,17036.47,5075.767734,84986508.67,79590
1671379200,16683.05,16670.01,16635,16830,2620.319687,43854787.24,45867
1671292800,16699.76,16683.04,16652,16798.49,1374.155833,22975269.52,31983
1671206400,16968.99,16699.75,16530,16989.4,3968.437915,66449795.13,71744
1671120000,17424.03,16969.98,16900.01,17530.76,5913.970824,101797876,82946
1671033600,18060.87,17422.1,17376.91,18369.7,5365.701653,95681759.22,92106
1670947200,17753.2,18055.68,17621.06,18100,3106.231044,55436233.91,60578
1670860800,17007.87,17750.13,16965.4,17936.4,4579.613879,79762631.05,88471
1670774400,17154.53,17008.73,16875.71,17264.77,2847.639438,48441842.12,53565
1670688000,17207.5,17154.65,17100,17220.63,1402.984562,24079924.5,32334
1670601600,17178.48,17208.62,17068.6,17220,1601.888682,27471856.56,33103
1670515200,16913.64,17176.59,16910,17334.88,3216.104183,55241482.11,62743
1670428800,16838.07,16913.63,16724.09,16950,2176.016692,36622076.34,49241
1670342400,16983.94,16838.72,16700,17134.99,7711.724673,130947054.6,120805
1670256000,17082.47,16981.29,16875,17133.49,3222.656847,54836976.27,82854
1670169600,17031.38,17084.06,16974.36,17411.76,2573.62856,44294999.84,59886
1670083200,16961.91,17025.8,16860.69,17060,1323.895887,22472706.75,30991
1669996800,16936.95,16962.48,16886,17155,1733.044537,29421389.49,39276
1669910400,16979.17,16935.53,16796.01,17099.83,2154.088957,36508764.18,51271
1669824000,16864.44,16974.82,16705.66,17295,3659.989053,62372099.91,71683
1669737600,16393.76,16864.44,16310.52,17075.96,3368.869235,56388325.03,75278
1669651200,16143.76,16393.24,15946.1,16549.53,3185.730958,52164208.17,72013
1669564800,16572.49,16143.25,16055.69,16620.01,2703.109245,44060941.21,78583
1669478400,16512.84,16574.87,16384.62,16594.99,1073.46446,17740661.75,48405
1669392000,16508.83,16515.71,16451.29,16695,1641.379467,27181734.39,55900
1669305600,16554.45,16512.72,16343.02,16675,2056.381199,33941897.67,61095
1669219200,16423.5,16554.41,16324.13,16799,2799.587697,46314454.91,70429
1669132800,16234.5,16428.53,15760.93,16650,3157.21063,51751790.74,76918
1669046400,16110,16234.51,15500,16303.64,3334.733877,52959814.87,104118
1668960000,16578.86,16110,15900.8,16608.1,2502.507902,40530891.19,75368
1668873600,16654.56,16578.86,16455.56,16815,1231.747772,20487389.57,43576
1668787200,16689.96,16654.55,16532,16732.53,1568.480692,26072158.74,52223
1668700800,16533,16692.45,16515,16980.05,2033.382934,34025241.34,59674
1668614400,16423.19,16544.76,16363.4,16752.92,2200.45091,36420461,63322
1668528000,16982.12,16419.98,16395.56,17065.26,3088.849956,51864939.86,89725
1668441600,16593.79,16984.95,16193.65,17105,2938.926189,49127515.54,101664
1668355200,16576.14,16596.46,15820.01,17188,3822.268672,63193279.07,150119
1668268800,16931.83,16576.14,16438.82,16962.7,2679.807417,44902544.62,90691
1668182400,16875.92,16931.83,16550,17141.64,3883.686796,65372631.43,126391
1668096000,17557.49,16875.93,16362.57,18195,12927.71032,224393461.5,390019
1668009600,17117.21,17557.49,15574.45,17951.59,23473.51242,391969026.8,494814
1667923200,19523.21,17122.4,16917.71,20685,57812.71729,1059866505,705509
1667836800,20765.12,19524.28,19234.21,20888,10262.90003,204167670.4,193732
1667750400,21241.25,20763.05,20573.9,21278.51,4664.5512,97221871.98,102213
1667664000,21302.01,21243.48,21147.16,21377,2171.108229,46167997.23,62122
1667577600,20839.3,21302,20610.5,21473,5231.057339,110590837.7,109256
1667491200,20246.74,20839.78,20160,21298,7774.024376,160657247.9,144070
1667404800,20408,20246.74,20038.97,20797,9237.297051,188279781.8,152763
1667318400,20442.28,20408.01,20340.4,20557.58,3284.451678,67150599.42,72155
1667232000,20399.99,20442.28,20320.72,20686.86,6615.500386,135495333.7,103296
1667145600,20677.11,20399.99,20237.01,20838.01,7798.915042,160327390.5,119488
1667059200,20921.39,20677.11,20625,20980,4238.481254,88077548.43,93281
1666972800,20481.78,20922.88,20450,21069.35,6850.767686,142386776.2,116146
1666886400,20562.52,20481.79,20000,20677.79,6759.059627,137433654.3,127896
1666800000,20843.27,20562.52,20430.37,20989.96,6198.74713,128325635.9,124825
1666713600,19747.15,20843.24,19720,21012.79,10562.66589,215070504.2,177302
1666627200,19300.31,19747.15,19218.81,19810.11,3452.365405,67008974.64,83319
1666540800,19191.25,19300.32,19160,19690,4313.142352,83615332.23,90164
1666454400,19233.97,19191.26,19074.6,19246.55,1123.566507,21542137.19,38362
1666368000,19170.11,19233.97,19089.98,19254,2408.584218,46183271.41,48927
1666281600,19251.55,19166.21,18652.69,19259.94,5158.353843,97991007.27,126368
1666195200,19266.05,19251.67,18907.68,19342.78,4181.269221,80135076.92,131772
1666108800,19372.23,19265.81,19071.13,19438.77,4574.574157,88027571.74,159294
1666022400,19532.31,19374.33,19283.78,19707.39,4787.237668,93507811.59,162507
1665936000,19160.54,19532.32,19101.1,19675.32,4582.171352,88864235.29,156949
1665849600,19128.6,19160.54,18975,19194.82,1691.776977,32338402.83,100632
1665763200,19357.39,19128.6,19038.54,19399.96,2772.331124,53212284.47,114618
1665676800,18958.42,19356.56,18905,19949.86,7714.151191,150522682.4,234149
1665590400,19138.5,18958.4,18120.04,19235.41,9518.680098,177700475.3,238372
1665504000,19145.29,19138.5,18921.05,19200,3861.193258,73733300.97,125135
1665417600,19270.83,19145.29,18859.47,19357.96,4685.006426,89512110.62,133872
1665331200,19535.67,19270.82,19127.79,19551.67,3804.696219,73669181.01,121282
1665244800,19487.4,19535.68,19244.89,19548.25,2146.778583,41711277.92,82281
1665158400,19578.13,19487.41,19326.42,19640.93,2918.748912,56846862.07,94711
1665072000,20013.69,19578.13,19479.77,20263.88,6217.508478,123654260.2,135473
1664985600,19998.63,20012.44,19879.31,20445,8366.074324,168774623.5,161818
1664899200,20096.03,19997.21,19737.94,20454.99,7011.561141,141017655.5,155046
1664812800,19334.24,20094.85,19310.34,20264.69,8803.897966,174292496.1,184659
1664726400,19143.23,19334.24,18922.05,19490.8,5803.08949,111427308.1,157718
1664640000,19332.52,19143.23,19034.49,19393.85,2921.238152,56180665.54,117063
1664553600,19754.38,19332.52,19157.58,19870.05,5795.155766,112892827.3,228994
1664467200,19289.76,19754.37,19123.18,20182.86,11280.13084,220201456.9,320917
1664380800,19488.83,19289.76,18842.76,19782.03,8437.856741,163450394.6,238443
1664294400,19887.85,19488.82,18477.59,19950,10311.31789,196233617.5,227924
1664208000,19110.22,19891.29,18969.57,20380,8887.56631,176686718.4,295927
1664121600,18986.81,19110.22,18631.58,19317.28,5849.927503,111005604.7,237852
1664035200,19122.62,18986.8,18810.45,19191.29,2392.294862,45500252.76,151378
1663948800,18712,19122.61,18576.21,19405,4550.789467,86394386.92,176457
1663862400,18986.81,18715.81,18535,19518.75,7155.759752,136729047.5,194531
1663776000,19190.59,18986.8,18139.53,19950,14604.025,277813909.3,393008
1663689600,19239.05,19190.6,18728.2,19473.27,5743.945741,109428768.6,220760
1663603200,19079.19,19237.19,18777.88,19679.58,7110.598491,136680910.5,200516
1663516800,19811.64,19079.19,18258.36,19875.87,8977.396977,170585196.4,230739
1663430400,19961.4,19811.64,19731.28,20184.95,2621.021321,52378371.61,100801
1663344000,19664.03,19961.39,19333,20066.08,3974.35345,78334906.64,145323
1663257600,19736.43,19664.03,19452.11,19942.48,4762.345187,93994932.46,159478
1663171200,20175.16,19737.43,19503.58,20388.88,8669.433614,173522985.6,226384
1663084800,20830.9,20175.16,19871.46,20925.01,8654.869973,176052109.5,218472
1662998400,22112.29,20831.64,20768.76,22784.7,12202.8231,267685564.5,273792
1662912000,21640.71,22112.3,21451,22483.66,8621.478763,189749073.8,236001
1662825600,21219.93,21640.71,21174.91,21807.41,5094.890311,109837725.1,140318
1662739200,21264.6,21219.92,21119.54,21666,5932.826462,126332543.1,158058
1662652800,19249.81,21266.88,19091.5,21335.32,9578.70305,195671538,227220
1662566400,18871.37,19249.81,18854.91,19459.65,7151.190285,137318329.9,205515
1662480000,19819.25,18871.38,18529.94,19852.56,9952.878405,189011726.4,281809
1662393600,19854.51,19817.27,19665.14,20179.99,7628.498222,151381356.9,215153
1662307200,19791.81,19854.52,19638.78,20056.14,5669.485393,112333735.4,237261
1662220800,19770.01,19791.82,19586.2,19941.94,3827.86084,75662271.09,137960
1662134400,20356.84,19770.01,19732.73,20380.34,4640.8444,92419024.32,108852
1662048000,19782.08,20356.84,19564.74,20441.89,6430.20887,129383019.4,158137
1661961600,20141.76,19782.07,19657.42,20325.29,5285.181454,105734890.4,151749
1661875200,19756.56,20141.77,19543.05,20486,6746.641409,135647636.2,178772
1661788800,20257.97,19756.59,19656.82,20573,5762.689743,116695586.3,151430
1661702400,20021.5,20257.96,19521.56,20377.03,6414.506996,127846484.2,158410
1661616000,19978.56,20021.5,19809.25,20159.4,3842.50798,76814320.06,107356
1661529600,20776.48,19978.57,19797.15,20830.47,6283.960018,127820337.1,159130
1661443200,21567.1,20774.09,20640.81,21875.58,7935.886341,169604034.4,189818
1661356800,21617.08,21567.11,21309.25,21896,4803.517242,103966149,134573
1661270400,21473.08,21617.08,21150.11,21643.86,5300.608286,113607820.3,136900
1661184000,21399.48,21473.09,20894.74,21675.61,6456.161024,137682290.6,182918
1661097600,21420.01,21401.3,20896.55,21783.27,6505.793101,138761593.7,170769
1661011200,21303.39,21420.01,20769,21578.23,6942.252977,147376216.3,149340
1660924800,21446.61,21303.41,20789.48,21652.69,9293.840275,196994602.6,166889
1660838400,23453.35,21446.61,21269.15,23467.79,11772.75209,260035246.6,240667
1660752000,23392.99,23453.36,23182.68,23628.99,4963.016922,116237088,138159
1660665600,23898.34,23393.19,23326.09,24440.14,9694.924956,231184229.9,210960
1660579200,24222.01,23898.34,23674.45,24275.02,7838.456041,188189000.9,194875
1660492800,24521.4,24223,23875.01,25207.02,12181.62455,296793265.8,239735
1660406400,24512.08,24521.39,24322.29,25040.31,6847.576989,168471188.6,125074
1660320000,23978.83,24512.08,23949.2,24883.36,8461.096108,206848890,152107
1660233600,24345.89,23978.82,23583.34,24415.63,9536.16489,228897200.1,168602
1660147200,23992.66,24345.9,23481.23,24907.88,14484.65142,352483404.7,244529
1660060800,23071.24,23992.66,22658.89,24179.12,11816.79453,275753622.4,200770
1659974400,23990.74,23072.85,22868.63,24100.9,9887.127263,233200105.3,184359
1659888000,23021.17,23991.06,22995.61,24242.07,8897.270644,211306394.4,169671
1659801600,23203.28,23021.17,22846.64,23250.17,4540.451417,104664791.7,87255
1659715200,22989.86,23203.27,22755.82,23349.56,5637.830298,130316873.6,111056
1659628800,22931.36,22989.86,22396.74,23468.74,10102.52448,231973268.4,202850
1659542400,23356.38,22930.21,22724.14,23577.18,8923.011893,205796899.7,184284
1659456000,22974.15,23356.38,22687.17,23637.17,10647.45856,246534443.2,197853
1659369600,23325.85,22974.15,22599.83,23439.36,12416.81328,284798391.9,199244
1659283200,23774.85,23327.1,22943.92,24190.15,10857.48829,254285492.9,199667
1659196800,24524.49,23774.84,23510.01,24589.78,7978.910821,190553945.2,156599
1659110400,24006.74,24524.49,23050,24667.58,19346.36678,463834872.2,240012
1659024000,23745.89,24006.74,23117.33,24446.16,18160.9815,433762969.9,307400
1658937600,21530.34,23745.9,21460.07,23986.4,36232.79245,822370847.8,426636
1658851200,20743.77,21533.54,20738.09,21543.2,11129.05245,235442563.1,186654
1658764800,21896.31,20743.77,20713.82,22253,15404.18242,329805223.6,233116
1658678400,22847.97,21896.3,21686.1,23010.36,11992.84427,266358922.6,191375
1658592000,22217.2,22847.96,21946.16,22907.43,11236.41305,252565336.2,178686
1658505600,23286.57,22216.07,22065.01,23341.96,11585.13557,262865278,212443
1658419200,22638.78,23286.57,22624.25,23754.66,14175.81533,329161954.8,284375
1658332800,24167.82,22639.92,22345.01,24193.91,20456.81717,473014134.5,358302
1658246400,23126.64,24167.82,22931.65,24265,20559.48287,483655591.1,398878
1658160000,22683.66,23126.63,21401,23193.05,22744.10411,504281475.6,439894
1658073600,21170.48,22680,20758.62,22770.94,15337.884,333519105.2,287167
1657987200,20945.11,21170.48,20920.26,21669.22,12428.24547,264639107.8,221379
1657900800,20797.36,20945.18,20482.75,21199.92,8853.019043,184058391.6,161936
1657814400,20390.76,20798.02,20166.77,21084,13262.15544,274248828.9,268448
1657728000,19454.21,20390.76,19236.84,20465.47,17294.65779,344938852.1,339223
1657641600,19883.94,19454.22,18916.67,20115.02,18141.52522,353683787.5,334270
1657555200,20437.23,19883.93,19560.4,20708.8,13404.43076,267863735.6,240001
1657468800,20898.43,20437.22,20272.53,21176.21,9785.857349,201860972.4,179387
1657382400,21548.79,20898.42,20838.47,21976.52,10357.76231,221592725.5,164392
1657296000,21960.17,21548.78,21328.72,22038.91,11416.88431,247367687.5,197787
1657209600,20886.38,21960.19,20831.21,22524,18391.08298,398013009.6,392788
1657123200,20147.29,20886.38,20133.19,21032.36,11188.37859,229207039,228933
1657036800,19520.25,20147.29,19485.6,20745.05,16267.26574,327452444.1,310040
1656950400,19802.58,19520.25,19302.52,20476.98,15855.39779,315741551.5,285863
1656864000,19047.42,19802.59,19017.65,20138.59,13077.50206,254311697.6,220220
1656777600,19228.26,19048.1,18785.45,19410.24,9948.475399,190578497.3,155051
1656691200,19291.35,19228.26,18980.4,19693.4,11823.11516,228080261.9,179521
1656604800,19144.16,19292.25,18624.99,20920.82,25317.69325,495353150.3,379811
1656518400,20086.37,19144.16,18761.08,20429.75,17327.121,338009257.8,290987
1656432000,20605.96,20086.38,19855.33,20767.91,17668.84743,357310543.6,302172
1656345600,20756.29,20605.97,20509.06,21211.99,14320.66951,298486021.3,255993
1656259200,21328.28,20756.28,20591.46,21535.57,14616.15544,309103509.4,274417
1656172800,20963.24,21328.29,20916.71,21877.71,11657.84108,249300593.1,242247
1656086400,20886.18,20963.24,20794.91,21612.01,13642.04219,289707535.7,303240
1656000000,20352.06,20886.17,20176.67,21452.7,20884.00703,437569942.8,412933
1655913600,20081.8,20350.82,19774,20826.04,21744.15739,442548861,366448
1655827200,21393.82,20084.19,19960.33,21550.47,21786.8221,448366541.7,360059
1655740800,20824.79,21393.81,19836.82,21719.15,26757.37103,557524331.8,482363
1655654400,19827.5,20824.8,19381.03,21073.57,26321.24429,534580106,565274
1655568000,18953.24,19829.94,17619.41,20049.58,45822.38894,856768676.7,790046
1655481600,20663.25,18953.92,18739.74,20793.68,27630.3099,542992779.2,572246
1655395200,21076.14,20664.55,20230,21463.65,26926.0977,559975144.8,676302
1655308800,21418.8,21072.35,20222.08,22989.87,42445.88765,913112690.4,1085553
1655222400,22681.71,21419.15,20106.07,22785.71,41754.94572,894553479.1,1187950
1655136000,23270,22681.71,20834.88,24200,58566.09895,1316646872,1589709
1655049600,28094.9,23269.99,22596.57,28237.14,60150.81032,1505884454,1664533
1654963200,28405.42,28094.91,26888,28793.07,23340.33409,650799816.5,592532
1654876800,29454.54,28405.41,28250,29491.57,17777.65134,514316676,523587
1654790400,30301.79,29454.55,29222.79,30448.27,16606.35974,496425115.1,498984
1654704000,30473.11,30301.79,29916.47,30700,14687.61186,444588447,464161
1654617600,29891.01,30473.11,29751.13,31585.41,24745.40446,759400043.8,817342
1654531200,31540.86,29891.01,29216.61,31598.7,19902.14436,600360865.9,588790
1654444800,29971.75,31540.86,29759.92,31760.43,17303.19745,535018298.2,549604
1654358400,29858.89,29971.74,29535.76,29984.77,6224.170843,185189771.3,260448
1654272000,29503.52,29860.84,29397.87,29982.95,7986.593979,236769163.6,285203
1654185600,30209.87,29503.51,29281.48,30700,17451.16766,524616111.5,512626
1654099200,30743.35,30208.16,29326.15,30744.9,25858.42116,775877435.6,701409
1654012800,32056.35,30743.35,30693.06,32410.67,20881.42988,660406276.5,592673
1653926400,30633.13,32056.35,30532.43,32242.88,22830.88971,718976219,628186
1653840000,29212.48,30633.14,29075.96,30933.33,14691.30218,444234900.7,450562
1653753600,28988.01,29212.48,28777.25,29482.75,6314.817761,183700417.7,250780
1653667200,28850.4,28988.01,28283.54,29263.43,12252.98889,352114121.6,393632
1653580800,29394.35,28850.4,28626.94,29791.63,21561.02773,628154283.1,730641
1653494400,29627.88,29394.35,28010.36,30031.71,23483.71916,686953244.5,743653
1653408000,29383.74,29627.88,29104.78,30224.47,17150.44876,508380510.6,617979
1653321600,30370.51,29383.73,28669.46,30531.08,18147.29052,532229180.9,740835
1653235200,29846.04,30370.51,29739.8,30665.39,11823.61612,358082142.8,532134
1653148800,29551.87,29846.05,29259.58,30315.07,7626.997256,226863717.7,353737
1653062400,29149.09,29551.86,28728.24,29649,11503.03438,335419498.7,607679
1652976000,30393.42,29150.28,29078.54,30774.16,15401.35952,463236087.5,768256
1652889600,28986.4,30393.41,28651.73,30539.46,15573.76664,455878360.1,923692
1652803200,30151.27,28986.4,28877.56,30710.76,16757.36814,500824941.1,1064720
1652716800,29676.22,30152.53,29087.41,30801.06,12731.42713,384417980.1,791988
1652630400,30009.65,29676.22,29311,31463.33,11266.01928,340103159.6,713892
1652544000,28816.37,30009.65,28630.89,30555.55,7308.178046,217748583.3,574909
1652457600,30340.16,28816.37,28660.01,30519.13,10173.13137,300832072.3,679556
1652371200,29024.19,30340.16,28010,31075.19,18260.5345,542957667.9,1203154
1652284800,30982.68,29024.18,26656.52,31129.39,45851.89309,1311614986,2085318
1652198400,31319.78,30982.68,29058.3,32179.37,41274.94679,1273698744,1762986
1652112000,32344.88,31312.26,29750,32646.55,37546.95809,1172340784,1331067
1652025600,34357.84,32344.89,32065.56,34737.25,23475.31889,787417704.3,935814
1651939200,35963.73,34357.84,34207.55,36000,17521.00396,610897908.9,702757
1651852800,35999.91,35964.29,35724.14,36241.09,8125.680334,292371372.9,402888
1651766400,36907.57,36003.08,35258.81,37316.86,24351.86408,881261258.6,871135
1651680000,38974.07,36915.83,36530.77,40029.86,20001.72755,771035599,693845
1651593600,38328.96,38974.07,37518.57,39183.67,10717.45669,410922625.5,496822
1651507200,38697.5,38327.75,38050,38902.52,7808.298432,300175726.6,435627
1651420800,38490.76,38697.51,37667.7,39171.29,11133.87257,429919318.4,571785
1651334400,38468.34,38489.94,37385.12,38636.67,7436.781174,282755493.6,443105
1651248000,39006.45,38468.34,38155.69,39078.93,7059.484673,272110999.9,402777
1651161600,39443.43,39006.45,38616.12,40367.6,11365.95541,448850600.2,629310
1651075200,39009.81,39444,38667.99,40305.42,12154.25819,479030648.4,544876
1650988800,38561.32,39003.37,37702.4,39466.66,15995.12189,616741812.5,629407
1650902400,38978.31,38561.32,38537.82,40794.78,14756.99332,589307357.7,629425
1650816000,39663.56,38978.31,38167.27,39803.47,13075.72116,509714738.3,459420
1650729600,39795.76,39663.56,39335.4,39978.56,3811.51075,151244667.1,203476
1650643200,39435.01,39795.76,39181.45,39867.07,5079.357493,200856297.3,250308
1650556800,42141.12,39435,39332.51,42185.29,15134.88427,614650542.2,1046855
1650470400,41261.35,42141.12,40866.75,42977.99,11577.28577,484507981.7,918865
1650384000,41449.75,41261.34,41059.6,42200,9463.077277,393363473.8,637755
1650297600,39255.89,41449.75,39040.7,41764.54,13167.03878,534941747.8,649516
1650211200,40441.52,39255.88,38531.27,40475.64,12292.99569,485058119.6,612790
1650124800,40065.5,40441.51,40010.89,40696.64,3972.982669,160333714.2,300340
1650038400,40416.03,40065.5,40000,40722.47,5012.258665,202440393.1,337744
1649952000,39968.09,40416.03,39560.92,40860.46,6832.537268,273854879,310699
1649865600,41156.49,39968.09,39928.39,41553.12,10506.63203,430771147.5,515167
1649779200,40181.31,41156.49,39246.47,41411.41,15966.51914,640083700.7,768974
1649692800,40580.55,40175.92,39197.4,40896.1,20886.06646,837068912.3,753394
1649606400,42745.89,40580.55,40555.07,43413.31,14577.13271,609425819.1,618875
1649520000,42277.57,42745.89,42180.69,42900.18,4802.612261,204688404.7,392025
1649433600,43651.42,42272.8,42100.01,43721.53,9718.286119,414091549.4,591938
1649347200,43331.81,43651.42,42741.11,43975.92,10572.16906,459896918.6,1201456
1649260800,44166.92,43335.04,42730.71,44290.31,15182.2928,660992417.5,1207197
1649174400,45761.71,44166.92,43705.88,46194.32,16774.64121,756687617.9,1171410
1649088000,45636.86,45761.71,45118.38,47196.75,13480.22147,623263783.1,734311
1649001600,46414.5,45634.8,45550.55,47454.3,12316.87724,569264215.2,686847
1648915200,46293.46,46414.5,45535.62,46720,7852.489966,362431140.9,420179
1648828800,46532.69,46293.45,45901.03,47212.9,12070.09208,561369923.8,735356
1648742400,46450.32,46532.7,44216.85,46716.03,14232.03491,646379163.9,678672
1648656000,47159.88,46450.33,46230.69,47695.45,7602.999261,357419613.8,428934
1648569600,47445.28,47159.88,46498.54,47877.65,6928.309119,327474489.6,368075
1648483200,47421.68,47445.27,46884.44,48200.77,10958.69938,521775537.8,660227
1648396800,44860.93,47421.67,44677.75,47892.12,11559.25474,538215306.3,621838
1648310400,44203.91,44860.94,44138.88,44949.1,4333.276313,193184662.3,385839
1648224000,44328.19,44203.9,44014.59,44608.68,4082.252846,181016190.6,230999
1648137600,43993.02,44327.36,43583.45,45090.33,10208.74739,451043032.6,822736
1648051200,42615.08,43993.02,42045.45,44034.15,9883.750142,425284946.4,709300
1647964800,42577.6,42615.08,41755.01,42878.76,7310.737969,309142737.1,501370
1647878400,41220.79,42577.61,40756.52,43369.21,12665.88903,533431066.4,654028
1647792000,41342.72,41220.79,40475.31,41671.5,7062.139044,290198949.3,431487
1647705600,41931.81,41342.73,41250.29,42400,4232.101556,177023436.5,235767
1647619200,40926.54,41931.81,40898.31,42323,5316.194432,221548218.9,288450
1647532800,40802.28,40926.54,40142.28,41077.69,4444.266827,180585306.9,212218
1647446400,40618.73,40800.22,39302.36,41481.59,10620.39713,431430157.6,545432
1647360000,39016.28,40618.74,38830,41727.77,13172.66796,528051964.3,686343
1647273600,38962.21,39016.28,38101.61,39924.84,7935.012479,308567917,443688
1647187200,38937.27,38964.19,37555,39304.45,9017.772579,347967457.9,620373
1647100800,39047.74,38937.26,38370.62,39465.46,6586.062178,256838590.7,607872
1647014400,39081.4,39047.74,38308.19,39316.5,8224.069041,320600029.9,692884
1646928000,39175.25,39081.41,38226.94,40235.29,12591.85971,492856841.4,924258
1646841600,42522.47,39178,38536,42607.52,15324.10197,615883187.6,901604
1646755200,38662.14,42522.46,38131.04,42596.05,15404.66455,625399382.1,932527
1646668800,39076.02,38658.67,37150.58,39545.1,15284.72459,587492642.5,1141764
1646582400,38859.12,39076.02,37576.59,39368.46,13006.98395,500992368.8,872485
1646496000,39157.64,38859.12,38090.85,39693.66,7988.930463,311985288.3,498224
1646409600,40696.3,39155.64,38546.45,40959.53,9868.780746,388403770.2,634023
1646323200,42552.05,40696.43,40553.94,42748.8,11297.23278,470129181.6,731812
1646236800,44121.18,42552.04,42351.79,44489.79,8125.041844,354081179.4,574701
1646150400,43643.68,44121.18,43222.39,45344.39,13973.85659,616308856.7,817711
1646064000,40820.15,43644.36,40704.05,44960.42,16163.3129,696770601.2,841439
1645977600,39353.91,40825.05,36986.78,40897.94,13112.2108,503768625.6,621078
1645891200,39217.43,39350.94,38194.31,39856,6861.967224,267824514.2,414544
1645804800,39413.62,39213.97,38535.16,40300,8354.651356,327313338.7,462584
1645718400,35918.86,39413.61,35735.81,39832.8,15359.81934,587284856.2,763354
1645632000,38516.9,35912.86,34322.26,38779.82,20289.72748,726884464.9,850366
1645545600,37755.96,38516.9,37383.77,39262.2,9916.085086,379524389.8,526408
1645459200,38828.67,37755.96,36342.24,39136.9,15785.66747,591809494.6,1006790
1645372800,38333.62,38830.64,37205.73,39494.31,10682.11032,411357869.6,726464
1645286400,39968.28,38335.6,38000,40346.74,9400.451649,367488640.1,764017
1645200000,39830.76,39967.93,39443.41,40446.87,6775.253763,271180442.9,691172
1645113600,41921.92,39830.75,39634.91,42106.58,11287.20199,459560669.7,825087
1645027200,43600,41921.92,41695.09,44368.18,9416.898196,407962627.2,821078
1644940800,44203.61,43600,43312.36,44761.91,7851.042399,345657442.8,890112
1644854400,42582.98,44203.74,41800.06,44503.29,10725.69631,465245369.1,859565
1644768000,42567.17,42582.98,41543.94,42834.01,9111.008679,384264407.8,897513
1644681600,42130.31,42567.16,41723.03,43021.19,6986.942069,296512455.1,973585
1644595200,43674.56,42130.31,41734.38,43763.47,10538.98011,447809384.7,1146226
1644508800,44948.07,43674.56,42602.03,45825.96,11800.08452,517521060.3,846783
1644422400,43871.96,44948.06,43170,45668.71,12511.03234,554829204.3,772446
1644336000,43432.94,43871.97,42689,44447.09,10372.24067,452297241.7,843157
1644249600,43838.84,43432.93,42889.05,45492.78,14143.2772,622838612,773669
1644163200,41521.81,43838.85,41420.01,43890.18,9317.654465,395999833.5,555522
1644076800,41760.92,41521.81,40942.36,42206.83,5582.466872,231818013.9,431531
1643990400,39490.73,41763,39444.78,41912.9,10037.15513,411006026.3,436251
1643904000,36907.96,39490.93,36265.57,39828.45,12126.22762,459040468.8,481911
1643817600,37422.05,36907.96,36172.96,37659.99,9930.387068,366295559.3,460128
1643731200,38621.57,37430.73,37357.15,39272.72,7653.441861,293807549.2,385537
1643644800,37718.62,38613.19,37677.02,39093.82,8548.750127,328663991.4,467016
1643558400,37978.8,37718.61,36629,38239.33,7369.699182,275167268.4,390893
1643472000,37563.43,37977.58,37320.61,38733.7,7259.113132,276105109.9,839435
1643385600,37184.44,37563.44,36770.56,38228.35,7375.099044,277044657,684987
1643299200,36640.49,37184.41,35537.69,37493.13,12629.02109,462439997.7,1157414
1643212800,37981.44,36640.49,35512.84,38906.12,17279.75273,639765809,1716636
1643126400,36544.88,37981.43,36426.88,38500,11590.67994,433771489,873165
1643040000,34234.66,36550.01,33717.42,37560.6,17557.4255,630407801.3,1248137
1642953600,35283.76,34220.12,32929.28,36500,22784.87615,785271723.3,2414173
1642867200,34836.25,35283.77,34252.36,36144.61,15201.95227,535832891.1,1188722
1642780800,38854.59,34832.97,34000,39060.04,27003.33239,979641150.3,1341813
1642694400,43298.01,38854.58,37700.12,43496.33,18694.62191,745188749.4,720960
1642608000,41982.15,43287.21,41552.13,43444.31,6896.873552,291228987.6,353353
1642521600,41584.87,41982.15,41100,42689.05,10136.86947,424743329.7,420200
1642435200,42478.13,41584.87,41280.96,42538.9,9079.933074,380954306.4,1512276
1642348800,43222.89,42478.13,42336.92,43473.68,4910.496716,210236159.2,919860
1642262400,43400.45,43220.55,42589.8,43806.53,4553.31225,196406403.1,678015
1642176000,43102.9,43400.45,42557.97,43456.11,4786.847964,206025740.2,603203
1642089600,43197.33,43102.9,41708.98,43496.25,7504.113722,319948599.3,655148
1642003200,43557.45,43197.33,42876.38,44426.71,7005.941045,306476593.1,568048
1641916800,41730.48,43557.45,41677.56,44068.56,10460.20079,449433210.3,693764
1641830400,40982.6,41730.49,40559.49,42646.93,11032.65102,460249942.3,738999
1641744000,41619.75,40982.6,39637.62,42778.67,9669.801522,397991582,582339
1641657600,41611.2,41616.19,40514.82,42306.97,6453.668882,267531227.7,532533
1641571200,41314.23,41611.2,40928.63,42332.02,5753.847537,240334031.5,469013
1641484800,42950,41325.22,40573.88,43575.73,12426.04412,522695318.7,594582
1641398400,46615.87,42950,42414.71,46671.13,17408.31855,765081304.5,718600
1641312000,46925.06,46614.62,45540.24,47071.75,8893.793666,412464783.9,483634
1641225600,46693.78,46925.06,45696.96,47533.25,10133.13574,471033699.2,1992236
1641139200,47341.79,46693.77,46593.1,47995.93,6101.144039,287624589,1356406
1641052800,47218.11,47341.79,46771.42,47955.64,4341.428018,205477466.9,821991
1640966400,47997.69,47219.32,45675.8,48116.53,6459.237255,302325572.7,645744
1640880000,47170.13,48010.95,46734.55,48555,8467.37594,403173312.3,784169
1640793600,47967.88,47170.12,45919.17,48039.89,9661.383854,453559695.9,824018
1640707200,48937.71,47967.88,46590.9,48975.51,11411.92373,544317100.5,2060905
1640620800,51443.24,48937.71,48282.56,52096.75,11076.43803,551618340.4,1583148
1640534400,50049.21,51443.22,49918.92,51675,7315.320575,371696101.3,1128905
1640448000,50654.99,50049.21,49398.05,51150,6492.820815,326412767.3,973792
1640361600,50953.04,50654.99,50493.56,51821.81,5119.124508,260855814.7,897298
1640275200,48817.61,50958.03,48678.09,51517.55,8555.577158,433717511.4,678911
1640188800,48882.09,48817.6,48008.44,49241.24,5899.023457,286480637.9,557751
1640102400,48412.75,48882.08,48333.33,49575.55,5431.666165,265690914.1,578811
1640016000,45969.29,48412.74,45862.38,49313.12,9623.884129,459898230.5,1272532
1639929600,47234.53,45969.29,45556.77,47552.99,8078.44859,375501571,1027356
1639843200,46857.6,47234.53,46333.33,48301.11,9330.57212,440189831.9,913957
1639756800,46524.37,46857.61,45450.23,47442.08,10070.55534,468575503.2,971169
1639670400,48588.4,46522.04,45457.21,48704.8,8977.696554,423693587.3,793012
1639584000,46630.06,48588.4,46533.38,49500,10401.59276,504794258.1,797768
1639497600,46843.08,46630.06,46451.8,48767.04,9216.787667,440513417.2,694005
1639411200,47250,46843.09,45725.45,47962.39,15025.19749,705109850.8,900845
1639324800,49617.45,47250.01,47015.19,50771.77,11191.60696,548478524.8,771847
1639238400,48746.3,49617.44,48383.48,49937.19,6546.875989,321745904.2,653661
1639152000,47986.59,48747.51,46753.5,48926.69,11539.60779,553973111.1,780970
1639065600,48459.37,47986.59,47327.14,50160.43,14070.97642,680146697.7,801254
1638979200,50646.5,48459.37,48045.71,50860.39,10079.56365,500343289,505013
1638892800,51731.79,50646.51,48606.17,51858,11050.40723,554863342.9,553778
1638806400,48944.07,51731.78,48656.83,51925.01,11448.77387,578104018.5,736149
1638720000,47944.83,48944.08,47130.13,49523,14859.42446,719107895.2,792699
1638633600,48191.55,47944.9,47700,49702.27,11487.70659,561713684.1,735622
1638547200,55968.36,48191.55,41718.92,55968.37,48407.51614,2368451114,1896488
1638460800,56503.99,55968.37,55738.86,57598.86,8765.442693,496345590.6,623723
1638374400,58614.34,56505.09,55777.4,59048.35,9859.570423,560831475.1,668526
1638288000,57234.19,58614.35,56480.9,58823.9,9086.692313,521294480.9,841774
1638201600,57123.02,57241.64,55879.1,59178,10137.1006,584253187.4,863441
1638115200,54294.13,57117.51,53274,58242.89,10612.25764,599400429.8,815000
1638028800,54895.62,54294.13,53676.98,55215,6494.944297,353648770.9,630510
1637942400,54330.41,54898.96,53515.24,55272.72,7173.485407,390484879.5,578275
1637856000,59050.21,54325.07,53500,59385.97,15827.41889,886439690,808706
1637769600,56734.4,59050.22,56457.64,59132.75,9031.424002,520394992.4,492532
1637683200,56891.35,56734.39,55888,57857.13,10697.46596,607625693.4,503511
1637596800,58189.43,56891.34,55288.6,58244.1,15419.10094,873259589.5,662552
1637510400,59203.08,58189.43,56577.24,60025.98,11944.70071,694846916.9,630935
1637424000,57600,59203.07,57359.26,59844.78,6651.067799,392214897.3,471559
1637337600,57881.39,57600,57500,58968.03,5556.964023,323789152.3,400501
1637251200,58092.77,57881.38,55607.76,58479.07,14998.60799,856347955.7,695217
1637164800,59661.05,58092.77,57660,60960.7,12816.78845,763318784.7,645372
1637078400,60672.3,59655.02,58369.54,61132.36,13819.91506,826888103,511750
1636992000,64272.68,60672.31,58556.93,64440.97,22491.1063,1378941257,717218
1636905600,64077.77,64272.69,63571.65,66338.66,9714.610341,632479279.3,344956
1636819200,64686.76,64077.76,63824.3,65324.05,6056.893755,390864289.3,232895
1636732800,63158.11,64686.75,62278,64810.81,7398.701681,471519995.8,282296
1636646400,64793.03,63154.16,62750,65457.77,10109.78346,649974402.2,360423
1636560000,68325.39,64793.02,62757,68750,16853.24204,1100540730,609072
1636473600,66778.13,68325.39,65901.36,69000,9800.33276,657884027,384176
1636387200,66373.74,66778.14,65568.01,68500,10752.90113,723292389.7,400692
1636300800,61926.52,66373.73,61926.43,66487.72,13881.25681,900194438.9,485700
1636214400,60641.46,61930.74,60399.93,62362.5,6620.199284,408676929.2,243943
1636128000,60773.45,60641.45,60041,61553.11,7839.080555,476800266.4,277246
1636041600,61040,60773.45,60670,62581.74,8226.188163,505853996.4,323094
1635955200,62180.6,61040,60056.08,63335.24,11859.64351,736144041,419381
1635868800,64000.51,62177.44,61580.77,64243.21,9321.004316,585886257.9,369404
1635782400,61547.22,64000.51,60321.03,64239.02,11373.14702,705505865.4,441221
1635696000,60456.83,61547.23,59406.02,62443.61,11792.28411,722347072.9,419365
1635609600,61373.1,60458.34,59947.36,62396.68,12862.80686,785725124.9,475792
1635523200,62283.57,61373.11,60697.34,62951.99,9940.91675,614315374.7,350730
1635436800,61134.63,62298.47,57000,62530.6,19232.35958,1167186406,636563
1635350400,58817.31,61134.63,58068.84,61792.82,14361.25495,857815562.6,496185
1635264000,62519.28,58817.3,58000,62733.33,17967.26694,1077062377,652826
1635177600,63600.62,62526.27,61799.35,63700,7911.808914,496220409.1,263129
1635091200,59855.01,63601.12,59504.22,63626.77,10420.84602,645670329.5,299313
1635004800,61446.9,59855.01,59623.39,61627.7,8351.747295,507024372.6,258137
1634918400,60688.56,61446.9,59640.01,61750,11065.21521,673879490.5,342282
1634832000,62980.68,60696.45,60500,63728.81,14941.97643,935896873.5,443447
1634745600,66861.59,62987.4,62008,66956.11,19096.35603,1243491586,616032
1634659200,62380.96,66861.59,62311.95,66961.43,19357.68677,1249705980,519424
1634572800,61999.36,62375.55,61050.41,63280,16140.52912,1004073967,458562
1634486400,60767.42,61999.36,58888,62713,19532.95042,1197283570,604721
1634400000,60949.17,60767.41,60157.35,61458.59,10912.06974,664229197.5,322387
1634313600,60027.78,60949.16,59985.73,62897.78,18633.93221,1144772869,570848
1634227200,57332.02,60037.39,56802.89,60334.19,19158.56197,1128357022,589049
1634140800,56161.55,57332.02,56079.83,58532,15709.69947,903485772.9,457435
1634054400,56306.44,56161.55,53900,56588,16406.70361,909992051.6,548690
1633968000,57480.05,56306.43,56007.45,57828.2,18603.40046,1061388468,516835
1633881600,55352.04,57480.04,54355.58,57655,16814.05497,942321738.1,585399
1633795200,54971.07,55352.04,54100,56099.42,11888.69063,655269322.9,373274
1633708800,54320.33,54971.08,53659.31,55484.67,9816.72756,535943036.2,350449
1633622400,53910,54320.32,53410.35,56073,15386.0328,840086730.7,515796
1633536000,54975.38,53910,53343.03,55757.69,14226.83438,776578015.8,562856
1633449600,49790.77,54975.39,49649.99,55517.24,27611.68472,1446694520,836035
1633363200,47755.25,49790.78,47698.83,50366.66,17198.38687,849161173.7,546805
1633276800,47879.99,47755.25,46916.07,49243.4,14850.30024,712614930,472770
1633190400,47829.45,47879.99,47089.63,48296.68,8738.418545,418023197.8,324419
1633104000,47360.8,47829.46,47239.52,48464.45,12438.37741,594578605.2,400002
1633017600,43149.38,47360.43,42824.9,47878,27969.10891,1271636420,680868
1632931200,41700.46,43149.37,40905.81,43834.63,18519.77013,792644816.6,439487
1632844800,41451.7,41700.46,40750,42588,13139.71783,549895755.4,386006
1632758400,43290.42,41446.44,41276.65,43408.17,15519.11524,655969881,430426
1632672000,43339.99,43284.53,42650,44351.82,13594.96512,592902662,392804
1632585600,42669.7,43340,40743.54,43926,19441.32837,824940847.9,580952
1632499200,41940.01,42669.7,41653.51,43207.65,13220.84646,561633405.2,458783
1632412800,43752.04,41940.02,40663.16,45153.87,27018.41477,1164753890,816000
1632326400,43219.05,43752.04,42852.92,44395.29,14267.4837,623113187.6,472578
1632240000,43082.31,43219.05,39585.25,43295.09,21737.54261,906946012.2,727094
1632153600,43850.68,43082.31,40150.93,44250,22031.38549,940262024,689202
1632067200,47646.28,43850.67,42471.7,47822.88,25108.42313,1128214440,744981
1631980800,48413.64,47646.8,47051.35,48526.55,9222.545768,441434006.9,297368
1631894400,47521.62,48413.64,46750,48825.08,10919.48722,523510392.8,339601
1631808000,48017.69,47521.61,47035.17,48171.13,11022.99522,525354924.2,426687
1631721600,48275.99,48017.4,47222,48497.66,14341.34053,688582919.8,454735
1631635200,46749.39,48276,46328.33,48280.07,14642.38591,691723631.4,445034
1631548800,44355.51,46749.4,44161.27,46944.44,13604.06085,619705918.2,447491
1631462400,45890.83,44355.52,43380,46854,25254.00226,1135450859,776513
1631376000,45576,45890.82,44740.74,46250,10377.90709,472829045.6,337476
1631289600,45420.71,45576,44134.95,45835.8,13304.42822,602044423.6,425076
1631203200,46995.29,45419.97,44743.85,47385.93,18602.66993,857983725.5,614020
1631116800,46080,46995.29,45518,47229.39,17388.14152,805416417.6,584358
1631030400,46652.86,46079.99,44417.62,47533.6,30687.78917,1421373168,985604
1630944000,51601.86,46645.04,39818.18,52924.14,46770.93155,2291298313,1373330
1630857600,50211.16,51601.86,50120.14,52187.72,14702.86302,756203537.4,489117
1630771200,49872.75,50211.16,49366,50500.06,10823.76288,541302747.7,386020
1630684800,50552.7,49872.75,49571.43,50715.3,10294.26071,515775211.1,381255
1630598400,49542,50552.69,48322.12,51000,18434.55132,917953402,506544
1630512000,47488.01,49542,47395.22,50346.97,19297.85662,951415857.1,562704
1630425600,47398.95,47488.01,46510.83,47835,12899.35697,609213616.4,402087
1630339200,48024.01,47398.95,46700,48696.69,16585.41704,789129186.1,503036
1630252800,48477.84,48024,47369.04,49381.81,10753.0812,518217819.3,369552
1630166400,48809.37,48478.04,47756.95,49632.35,10539.41765,512948694.2,336394
1630080000,48190.36,48809.36,47974.16,49280,9202.770422,448692464.8,306679
1629993600,46799.99,48191.36,46333.97,48423.96,14689.22085,694444569.2,457712
1629907200,48811.26,46799.99,46288,49350,18368.94302,875133063.5,572096
1629820800,48315.68,48811.27,47128,48849.73,14862.88144,713262023.3,495464
1629734400,49527.05,48315.69,48211.72,49862,13021.27994,640427308.2,443759
1629648000,48527.89,49527.04,48174.63,50500,16505.81108,819641379.6,508891
1629561600,49181.01,48527.89,48021.1,49780,10936.29998,535756850.8,384609
1629475200,48716.99,49181,48229.6,49432,13339.038,651874030.4,465269
1629388800,45779.61,48717,45406.03,48717,18388.53266,866305099,556234
1629302400,45824.03,45779.61,43913.34,46021.44,17170.79448,770075913.4,535246
1629216000,45726.97,45824.03,44215.21,46196.28,20822.91851,939016531,690046
1629129600,46335.49,45726.98,45247.7,47172.4,16975.041,784545351.3,570376
1629043200,46168.31,46335.5,45642.85,48050,17758.2569,834536857.4,560144
1628956800,46932.31,46168.31,45477.01,47380,14855.8264,689259401.8,469810
1628870400,46363.21,46932.31,46000,48147.48,16398.70893,772024277.8,537809
1628784000,44193.76,46363.2,43776.34,46666,16146.61364,732394434.2,557982
1628697600,46447.42,44193.11,43918.36,46679.32,16659.06053,754662271.5,585150
1628611200,45158.14,46447.42,44642.85,46739.35,13631.03067,625014146.2,506108
1628524800,45868.38,45158.14,44850,46711,20779.52555,950301182.7,621893
1628438400,43990.76,45868.38,42780,46284.69,22831.88154,1013754769,675079
1628352000,43368.37,43990.75,42446.09,45324.44,21827.09197,964904359.8,696459
1628265600,42200.33,43368.37,42199.87,44557.62,23930.27413,1034113421,724300
1628179200,38754.01,42200.34,38698.74,42451,22677.27863,923185397.7,713817
1628092800,39303.99,38754.01,37305.38,39965.51,15915.31632,616828305.1,517431
1628006400,38174.82,39304,37500,39460,13707.56287,525362469.1,413794
1627920000,39698.64,38174.82,37698.08,39971.54,16334.73788,632794853,449297
1627833600,41289.3,39697.99,38894.23,41500,17898.48952,717333062.7,535016
1627747200,41540.32,41289.3,41034.71,42585,13537.19548,564316642.6,396837
1627660800,39071.5,41540.32,38872.24,42400,19192.75831,791491450.7,604822
1627574400,39948.12,39071.5,38327,40408.92,14019.24982,552342423.1,449890
1627488000,39685.9,39948.12,38777.85,40674.62,19583.03274,780825752.7,553549
1627401600,38211.01,39685.9,37356.64,40888,26291.84683,1038723322,723013
1627315200,38561.51,38211.02,36387.69,40547.06,35390.39342,1346693986,940656
1627228800,34175.87,38562.69,34087.43,39799.11,36460.26762,1371344486,912373
1627142400,33852.41,34175.87,33674.06,34797.9,12529.475,429326923.5,377246
1627056000,32316.53,33852.41,31980.93,34050.19,14422.89388,480471689.6,376286
1626969600,32495.42,32311.08,32057.3,32941.59,8240.06022,267513936.5,274735
1626883200,31933.65,32498.6,31518.44,32806.05,17936.90991,575596782.8,486125
1626796800,29888.01,31929.19,29490.8,31964.28,17989.2264,553195602,398512
1626710400,30688.27,29889.95,29278.45,31059.11,18683.83272,560437973.8,424934
1626624000,31362.35,30688.27,30402.23,31942.37,14329.75093,447356834.6,350949
1626537600,31758.54,31366.69,31100,32442.54,12181.66873,387318453.4,295050
1626451200,32133.21,31758.53,31165.18,32244.86,10484.40842,331366428.3,329415
1626364800,31680.98,32133.21,31022.46,32198,12089.85972,382448773.6,388410
1626278400,32784.01,31680.97,31460.36,33186.11,11962.49857,386655011.7,372943
1626192000,32791.8,32784,31580,32961.53,13477.845,435519743.6,412997
1626105600,33339.02,32789.67,32285.42,33441.64,14681.19249,483549510,397899
1626019200,33949.99,33339.57,33315.93,34678.92,12916.8495,440399329.6,337065
1625932800,33863.4,33950,33035,34195.9,8064.934773,271209370.2,269593
1625846400,33556.3,33863.4,33285.55,34262.23,9293.715545,313866623.8,301945
1625760000,32899.92,33560,32271.11,33684.21,14469.8302,476926759.7,409855
1625673600,34533.41,32899.93,32099.99,34785.9,18378.63524,608912237.4,519502
1625587200,34046.22,34533.41,33518.58,35057.72,14282.03482,491802156.2,407699
1625500800,33585.67,34038.99,33128.99,35114.62,19722.38281,673877301.1,506798
1625414400,35514.02,33585.66,33302.54,35959.59,19683.44219,677007493.4,459771
1625328000,34608.61,35512.22,34272,35699,13913.85915,487254238,340084
1625241600,33700,34608.61,33043.62,34807.69,12847.25665,437378051.5,334613
1625155200,33430.75,33699.99,32700,33979.86,18418.71832,612763953.5,489106
1625068800,34195.5,33430.74,33001,35200,24419.72826,830178338.2,588978
1624982400,36253.16,34198.93,34080,36603.45,23290.85903,823165068.6,614362
1624896000,34965.09,36253.16,33968.13,36432.04,27765.54502,975437654.4,719605
1624809600,33198.74,34965.07,32403.54,35298.08,29726.73023,1016309085,746117
1624723200,31527.65,33198.74,30779.89,33572.67,30357.60892,988774201.8,742836
1624636800,32607.14,31527.65,30150,32905.79,47014.23743,1480421192,1068654
1624550400,33886.91,32606.74,32350,35500,38129.33669,1297323192,1108800
1624464000,33493.07,33886.92,32309.21,34578.99,29123.75784,970981639.3,839487
1624377600,31687.65,33496.84,31614.09,34829.54,47491.48395,1586115512,1209151
1624291200,32685.94,31687.5,28800,33258,70294.78005,2193283793,1806178
1624204800,34417.59,32690,31700,36147.05,54399.03967,1816737914,1403306
1624118400,36113.42,34417.99,33336.07,36206.46,29290.43627,1020577200,723121
1624032000,36354.17,36113.42,34800,36700,27750.07448,992226763.7,694828
1623945600,39008.32,36353,36299.99,39114,33756.45325,1268259058,749635
1623859200,38776.42,39008.31,38107,39707.4,29150.36128,1133239011,657986
1623772800,40062.63,38777.26,38568,41328,27867.7744,1112059792,665050
1623686400,40688.54,40060.86,39337.3,41000,26651.23665,1069995764,654898
1623600000,36036.05,40688.55,35969.27,41000,45347.97874,1770089570,1029292
1623513600,35396.3,36036.06,34761.54,36155.17,19244.28162,684861591.2,509178
1623427200,36821.26,35396.31,34608.05,37498.38,29319.94303,1057064855,830968
1623340800,36902.49,36826.6,35801,37680,28429.10612,1047830217,849456
1623254400,36361.3,36902.48,35648.09,38460,42250.22499,1565162442,1048790
1623168000,31703.72,36359.49,31500,36708.62,44767.67161,1527420976,1202567
1623081600,36035.42,31703.75,31000,36083.18,42656.8362,1417808961,1288066
1622995200,36160.8,36035.42,35222,36806.35,20017.68726,724290293.5,591329
1622908800,36320.71,36160.81,34810.12,36468.08,19880.20544,712488197.7,631538
1622822400,36942.56,36320.71,35240.68,37900,27385.97687,1006332730,799319
1622736000,38533.62,36949.73,35565,39280,32206.07019,1201355996,983487
1622649600,38039.81,38533.61,37175,39475.3,24486.10256,938574548.1,767805
1622563200,36229.32,38039.81,35718.81,38225.09,25858.91805,953724859,816421
1622476800,36961.31,36229.33,35690.05,37892.94,31674.97556,1165303336,920154
1622390400,35474.65,36961.31,34149.63,37279,29780.81332,1067666754,940402
1622304000,34419.9,35474.65,33380.01,36493.72,32184.09864,1122048038,1065813
1622217600,36754,34418.2,33819.45,37324.99,42099.24261,1496986499,1390411
1622131200,39672,36753.99,35100,39736.88,40424.5647,1503513628,1426196
1622044800,38756.27,39672,37134.56,40416.99,37151.48703,1439988058,1269685
1621958400,38266.61,38756.27,37125.4,40846.08,39233.30212,1535642806,1499301
1621872000,37546.32,38266.61,36429.56,39913,53639.58179,2048064011,2082816
1621785600,33326.35,37540.82,31111,38691,74171.98366,2599959923,2706307
1621699200,38164.75,33326.35,32615.02,38554.3,65957.16725,2338778794,2320896
1621612800,36787.81,38159.91,33500,38839.89,75076.30618,2761842737,2674532
1621526400,41440,36790.55,36409.14,42244.89,80692.70829,3183371401,2875694
1621440000,37270.46,41437.48,34912.28,42425.51,98346.36876,3829262273,3942355
1621353600,42974.66,37270.46,29000.59,43820.05,152337.4563,5762387099,4975924
1621267200,43342.5,42971.15,42106,45781.52,51355.9911,2259884497,1923309
1621180800,47738.24,43342.5,42118,48098.66,74916.51771,3353661606,2812352
1621094400,48983.62,47738.24,46500,49800,27682.22847,1333333214,1365495
1621008000,51216.11,48975.69,47780,51350.66,26439.81484,1307177680,1369598
1620921600,49636.3,51216.11,47000,51459.25,40371.75405,1996558144,1760970
1620835200,55476.89,49636.31,45500,55666.66,104394.5105,5264729508,3284913
1620748800,56047.34,55476.88,55247.17,57988,23732.93285,1343148054,1378731
1620662400,58287.1,56047.33,53528.28,58558.84,40003.69585,2228655806,2028258
1620576000,57377.81,58287.1,56612.02,59522,27320.07865,1588004993,1239454
1620489600,57584.55,57369.16,56210.32,59488,33006.23636,1920593031,1430122
1620403200,57516.53,57584.55,56750,59426.86,30397.92634,1768265630,1441603
1620316800,57087.43,57516.52,55233.78,57685.87,28974.09368,1632158120,1721592
1620230400,57629.56,57087.43,56361.71,58370.36,26218.36831,1502665225,1337528
1620144000,53803.96,57629.56,52888,57700,30423.24772,1671300687,1410987
1620057600,57592.47,53803.41,53550,58175,33502.57101,1873579278,1434552
1619971200,56601.09,57592.47,56228,59000.12,18157.4698,1050217581,813292
1619884800,57366.31,56601.1,56058.82,57999.88,14230.76213,811694009.4,770320
1619798400,57148.7,57366.32,56284.46,58463.25,18545.58787,1065776626,908128
1619712000,53709.7,57142.08,52336.36,57236.52,24782.10406,1346177798,1063534
1619625600,54341.06,53709.7,53316.99,56424.09,22198.94779,1208932493,893168
1619539200,54975.56,54339,53807.34,55733,22196.15864,1216793480,883929
1619452800,53569.07,54975.55,52617.64,55310,28121.2266,1521762420,972113
1619366400,50254.07,53569.07,47000,53938.32,41356.248,2120438423,1261536
1619280000,50207.93,50254.07,49092.2,50992.47,21454.56358,1072158288,823444
1619193600,49825.59,50207.93,48673.1,51265.33,26904.80751,1343430181,1089069
1619107200,54649.99,49845.51,47520,55170.23,75320.23485,3793548430,2627994
1619020800,56153.34,54648.14,52577.19,56332.98,32206.94555,1748039698,1300291
1618934400,55331.56,56153.33,54200,57060.15,26084.91619,1453983900,1075354
1618848000,54577.14,55322.47,53341.27,56605.67,36193.64657,1992618847,1479139
1618761600,55450.58,54577.14,54222.92,57525.9,30453.77354,1711972570,1427202
1618675200,60267.12,55454.74,50880,60945.52,80786.41432,4496280961,2697968
1618588800,61500.01,60267.39,60088.92,62499,24392.10505,1500165516,1482526
1618502400,62708.49,61500.02,60003,63768.31,30911.71497,1908742508,1517483
1618416000,63045,62708.5,61308,63754.21,21288.2337,1333986112,1058317
1618329600,63317.48,63045,62361.21,64843.03,28653.74843,1822201475,1417823
1618243200,59987.27,63317.47,59679.03,63655,23344.27262,1436563350,1261794
1618156800,59654.25,59987.24,59402.96,61200,17922.25603,1078039634,987884
1618070400,60254.95,59654.25,58369.23,60699,14531.99242,867757351.1,904449
1617984000,58238.53,60254.94,57860.32,61400,22885.40228,1369878062,1023430
1617897600,57770.74,58238.53,57455.9,58933.75,15353.79075,893128484.1,781047
1617811200,56461.66,57770.73,55475.74,57913.34,19537.04731,1107983899,1041530
1617724800,57819.58,56461.67,55616.1,58700.04,27175.76022,1557917823,1558531
1617638400,59016.29,57819.58,57401,59500,19366.85238,1134927808,1269137
1617552000,57915.91,59016.29,56766.84,59268,15266.6339,883518874.6,912901
1617465600,58824.28,57915.9,56368.42,59146.05,18656.42549,1076595480,1032367
1617379200,59488.5,58824.28,58466.29,59792.14,12869.65202,761695898.4,767475
1617292800,58977.87,59495.98,57935.04,60169.85,19011.81482,1125941904,956682
1617206400,59302.18,58977.87,58122.33,59650,18605.61881,1096328646,944664
1617120000,58537.36,59295.62,56802,59774.1,23040.10583,1346555674,1042571
1617033600,57717.11,58537.35,57077.41,59350,20565.08114,1195447976,902876
1616947200,56366.08,57716.62,54701,58370.46,25694.91949,1455066668,1052113
1616860800,54955.22,56360.02,54955.22,56625.22,19124.24497,1069896004,816022
1616774400,53305.98,54956.58,52901,55538.76,20529.35994,1118718103,849780
1616688000,50988.9,53305.98,50533.01,53813,28066.63055,1471677605,1226331
1616601600,56301.45,50988.85,50465,56440.73,42668.58971,2243780214,1904962
1616515200,55169.18,56301.43,53525.8,57188,27665.82862,1531700938,1186984
1616428800,57080.04,55169.17,53000,57190,28561.5092,1563606445,1307520
1616342400,57160.75,57080.05,56272.26,58452.29,17304.73592,992309912.1,943411
1616256000,59247.1,57160.76,55402.48,59470.72,23626.08067,1358082351,1043058
1616169600,58970.73,59244.97,57822.03,59900,17533.93347,1031335971,891451
1616083200,59531.58,58970.73,56200,60128.21,25070.83788,1461093428,1088620
1615996800,54928.44,59531.57,54724.6,59600,27349.13795,1590043698,1220429
1615910400,55839.07,54928.44,54129.81,57160,21577.11251,1198412270,1097667
1615824000,56218.8,55838.97,53266,56932.54,31689.85777,1749608885,1374264
1615737600,59681.18,56221.19,54550,60741.29,38665.28397,2225845295,1660910
1615651200,59689.65,59678.11,59336.88,61800,20329.37234,1232066102,1098526
1615564800,56953.07,59684.57,56090.73,60399,29078.6282,1692930349,1472648
1615478400,56345.33,56953.06,55033,58122,26012.95074,1475202445,1328225
1615392000,56317.56,56341.16,54259.43,57371.32,29104.08348,1629397106,1408449
1615305600,54081.41,56310.75,53022.76,56466.94,27121.22521,1483463817,1145113
1615219200,51057.69,54082.04,50550,54793.45,29871.39616,1591049846,1150047
1615132800,50576.99,51052.51,49240.69,51838.65,29095.55857,1469753365,1089506
1615046400,47273.25,50576.23,47120,51255.91,23604.52283,1174861251,898698
1614960000,47867.29,47273.25,46900,49444,20648.28797,997751169.7,829058
1614873600,49409.02,47867.29,46300.75,50058.78,30252.33688,1442908939,1160323
1614787200,50780.6,49413.92,48513,51768.6,34529.92296,1727645324,1275916
1614700800,48674.12,50780.61,47055,52637.83,35862.93911,1789697043,1267788
1614614400,49185.51,48674.12,47900.01,50196.94,31458.85104,1540336754,1115394
1614528000,43393.64,49185.51,43000,49281.49,36936.92187,1712666483,1249626
1614441600,46532.82,43391.93,43177.77,47573.15,35538.81053,1602664100,1310750
1614355200,47584.36,46530.01,45075,48419.4,29196.25346,1374936631,1226141
1614268800,50840.79,47584.37,44111,51356,52161.92809,2454183014,1795117
1614182400,49817.87,50840.97,48030,52000,29203.11557,1462954770,1192696
1614096000,48604.28,49814,45263.15,51350,45755.2898,2245886377,1865766
1614009600,53231.54,48603.06,44918.29,54990,86127.14174,4249719903,3046432
1613923200,57316.36,53231.55,47650,58326.18,54907.95549,2965232381,2057229
1613836800,56147.23,57315.36,53950,57822.08,26081.08253,1471583513,1208907
1613750400,53807.9,56141.46,53301,57600,24009.83681,1342688888,1054452
1613664000,51570.51,53807.9,50743.71,53807.9,21596.6264,1124023518,1019171
1613577600,51159.83,51572.9,50790,52615.2,23067.92693,1194465665,955178
1613491200,48958.14,51171.32,47768.11,51666,37559.51243,1879172695,1365184
1613404800,47947.01,48958.14,47020,50580,32994.37067,1617223228,1338485
1613318400,48540.01,47947.01,45688.66,49288.93,28227.94833,1341665054,1378243
1613232000,47083.47,48546.17,46659.8,49700,24531.50241,1184309956,1133187
1613145600,47028.99,47082.76,46230,48100,21722.63655,1026625935,1124491
1613059200,47951.56,47018.46,46160.69,48974.35,28321.79901,1346367404,1303378
1612972800,44354.82,47951.62,43763.78,48348.4,33972.49916,1545823989,1449827
1612886400,46773.2,44345.23,43729.11,47478.45,37819.55659,1742762608,1639463
1612800000,43647.6,46784.38,42530.75,48126.35,51975.41613,2378637975,1783339
1612713600,37929.22,43660.05,37351,44195.33,51225.4903,2092405416,1635448
1612627200,40846.82,37924.4,37583.19,40963.73,34236.90947,1338374457,1216587
1612540800,37951.81,40849.89,37241.37,40850,38216.85693,1494912625,1356005
1612454400,36560.56,37952.37,36398.52,38256.95,27665.49797,1034045538,1121676
1612368000,36844.29,36564.58,36161.18,38696.38,41350.56167,1548491353,1355672
1612281600,34719.71,36847.6,34573.02,36920,30025.84585,1078394107,993521
1612195200,33156.56,34719.71,33144,35650,30005.60268,1029611412,995684
1612108800,32853.37,33156.65,32168.08,34678,38156.91553,1278421387,1328802
1612022400,34210.7,32858.22,32540.01,34774.99,29648.58382,1000421374,1107739
1611936000,37118.83,34212.01,32837.11,37536.77,56622.13823,1951289466,1702968
1611849600,31924.16,37118.83,31651,38538,97936.49323,3435618905,2452416
1611763200,30327.17,31924.17,29500,32200,41067.00506,1274692863,1365743
1611676800,31753.45,30327.18,29231.31,32913.34,46880.16477,1463141082,1333915
1611590400,34463.18,31757.38,30820,34642.19,45794.61634,1478941377,1414467
1611504000,31952.58,34459.95,30915.05,34851,42069.92728,1387940620,1172805
1611417600,31874.51,31952.8,31570.24,33086.94,26076.20982,844364199.9,835132
1611331200,32457.33,31876.57,31390,33809.97,35448.00604,1155369349,1174269
1611244800,31392.33,32457.32,28800,32736.99,76447.54772,2375752986,2035734
1611158400,34183.42,31392.34,31000.05,35666,60531.03728,2017056543,1775119
1611072000,37328.33,34183.43,34000,37875,43320.88729,1540837836,1471088
1610985600,36408.32,37328.12,35398,37527.61,34469.32815,1265799904,1162175
1610899200,35731.78,36408.31,34778.15,37495.77,32429.46298,1171918542,1131119
1610812800,37460.76,35732.04,33855.94,37749.5,38072.08973,1354974313,1351342
1610726400,35627.27,37460.76,34359.8,37946.24,47710.6814,1734550702,1588039
1610640000,39551.88,35627.27,35262.13,40036.29,47620.31127,1819115876,1504967
1610553600,34677.02,39551.87,34392.15,40131,50622.01596,1908447758,1462606
1610467200,33833.09,34677.01,32366,35545.46,64569.52611,2199675908,1861143
1610380800,31579.9,33834.78,30408,36643.21,94077.7714,3186467106,2661114
1610294400,39674.77,31580.01,31091.41,39759,117668.9085,4140587451,3390203
1610208000,40513.11,39674.77,38500,41350,34751.11478,1397070356,1362111
1610121600,40830.8,40513.11,38600,41617.55,43264.80316,1739953122,1500553
1610035200,38950,40829.87,36519.67,41900,76574.66914,2996968514,2212195
1609948800,34558.52,38950,34277.24,38950,52049.32802,1910647166,1575604
1609862400,32091.46,34555.33,31767.96,35781,51275.4589,1753138459,1528818
1609776000,31741.01,32091.45,29901.56,32833.01,49663.0173,1559514990,1393383
1609689600,33506.67,31737.83,27777,33860.36,79897.06558,2525464505,2065934
1609603200,31695.15,33506.67,30500,34762.8,59882.65701,1975612870,1641875
1609516800,29190.92,31695.17,28631.09,31800.96,36273.67473,1089077873,915648
1609430400,28779.15,29190.91,28316.19,29619,29516.27551,859367434.7,882151
1609344000,28153.95,28779.14,27851,29306.8,42286.91116,1212771209,1180194
1609257600,26617.04,28153.95,26242.37,28597.77,41877.39252,1156219803,1242346
1609171200,26911.93,26617.04,25888.88,27238.09,35759.57828,954118085,1103702
1609084800,27360.51,26911.93,25838.46,27522.01,40720.16561,1094377862,1372876
1608998400,25625.25,27360.51,25579.73,28424.49,61967.34012,1673845009,1699563
1608912000,24019.43,25625.24,23989.26,25671.11,30381.08945,753224659.2,930980
1608825600,23230.15,24019.43,23112.17,24682.89,35079.79481,838619558.8,1022287
1608739200,23451.47,23230.15,22616,23681.85,35955.15952,833001068,1207140
1608652800,23341.64,23450.3,22693,24150.65,47351.80078,1115353838,1325203
1608566400,23101.17,23341.65,22373.62,23639.91,39020.0191,894560870.6,1007627
1608480000,23873.03,23099.56,21906,24288,50815.97493,1179334435,1211292
1608393600,23551.07,23873.04,23084.24,24188,31134.46852,736527235.1,868203
1608307200,22553.91,23551.1,22450,23650,24871.51514,572969661.8,672051
1608220800,23330.93,22553.6,22321,23705.83,50334.62643,1156181621,1087307
1608134400,20659.69,23329.31,20550,23850.21,76399.10378,1690988222,1272363
1608048000,19406.29,20659.69,19280,20722,42322.83382,843717660.2,675684
1607961600,19198.23,19406.28,19050,19570,24827.57151,479026377.6,418078
1607875200,19215.35,19198.7,18986.65,19392.19,21712.14061,416396392.7,338496
1607788800,18401.98,19215.36,18366.25,19419,31136.38959,592905128.1,419031
1607702400,18104.71,18401.98,17872.41,18525.3,20464.0311,373527285.6,323873
1607616000,18133.38,18106.72,17571.51,18436.38,37322.49974,669877355.5,472121
1607529600,18347.37,18134.91,17911,18637.41,27059.04001,495091761.9,400751
1607443200,18806.83,18347.36,17650.15,18941.43,44795.13604,818867541.6,618356
1607356800,19213,18806.82,18606,19300,28713.19966,545115584.1,400805
1607270400,19126.79,19213,19018.69,19424.68,19056.84495,366511748.5,311319
1607184000,19107.68,19126.33,18852.14,19350.01,15538.92092,296967006.7,282499
1607097600,18945.51,19107.67,18503,19179.21,22840.39544,431642582.2,423241
1607011200,19533.83,18945.51,18681.44,19610,27638.74285,529892865.4,500892
1606924800,18891.07,19533.84,18766.16,19535.36,23235.54504,445791854.2,411811
1606838400,19265.25,18891.06,18324.5,19344.4,35506.50323,671459145.4,668897
1606752000,19307.56,19265.5,18080,19888,52421.59357,1008381096,908981
1606665600,18116.35,19306.92,17930,19850,45522.71369,856499262.7,704698
1606579200,17505,18116.34,17504.99,18244.5,29223.08306,521730310.3,494826
1606492800,16503.23,17505,16467.11,17505,29527.32025,503085106.2,471287
1606406400,16905.43,16502.76,16199.86,17452.67,48327.15419,816200656.5,846066
1606320000,19129.39,16905.43,16354.28,19193.17,77906.87327,1380537574,1315076
1606233600,19358.37,19129.39,18616.93,19485,36110.02562,690471561,661754
1606147200,18269.53,19358.42,18026,19400,47390.78829,886058018.1,865066
1606060800,18294.72,18269.55,18011,18760,36011.60316,665045836,590643
1605974400,18784.06,18294.73,17629.26,18900,32196.77134,592446771.4,595808
1605888000,18655.81,18784.06,18324.62,18970,32140.46593,600173237.7,512299
1605801600,18046.79,18655.81,17700,18720,32728.35346,594563117.2,488270
1605715200,17871.48,18046.78,17338.82,18172.72,40354.46457,717334051.1,543001
1605628800,17317.23,17871.06,17234.74,18469.48,69203.15651,1232249218,865605
1605542400,16450.99,17318.57,16439.07,17362.17,41370.70557,696184731.4,451534
1605456000,16026.15,16450.98,15777.77,16476.18,24958.95408,403358287.9,314954
1605369600,15950.15,16026.15,15692.38,16160,17272.56768,275923495.1,259127
1605283200,16098.8,15950.15,15750,16350,24804.37344,398599771.2,298082
1605196800,16121.97,16098.79,15884.79,16477.05,34545.42772,560590988.9,412623
1605110400,15666.22,16122.33,15442.68,16150,39742.01229,629107870.3,490550
1605024000,15168.02,15666.22,15112.15,15708.48,22586.18637,348911814.2,302731
1604937600,15004.24,15168.03,14813,15491.34,29847.28646,455357989.1,388377
1604851200,15354.61,15004.24,14934.26,15850,46707.57571,721192238.3,466990
1604764800,15342.64,15354.6,14366,15450.01,40030.65566,599354297.1,464330
1604678400,15408.46,15342.63,15180,15753.88,27811.9096,430796669.1,363820
1604592000,15076.96,15411.23,14800,15985,68162.96765,1055177028,709617
1604505600,13911.96,15077.18,13886.64,15150,54586.13822,788043048.5,577493
1604419200,13708.92,13911.95,13524.7,14058,36143.30155,498599440.2,390022
1604332800,13492.15,13708.92,13286.26,13799,30005.984,406257058.6,364009
1604246400,13797.97,13492.15,13192.98,13863.23,36300.60699,492648688.5,394444
1604160000,13853.18,13797.96,13620,13893.78,20056.42463,275994794.5,260453
1604073600,13551,13854.39,13415.43,14099.94,40609.83602,557207258,434272
1603987200,13435.24,13551,13100,13666,42527.90159,569239574.8,472578
1603900800,13220.24,13435.23,12976.71,13476.03,33030.45102,436536120.6,370110
1603814400,13606.49,13220.25,12900,13854.32,56478.46263,761349310.9,550843
1603728000,12978.44,13606.5,12768.48,13630,37086.721,488642424.6,402975
1603641600,12941.48,12979.23,12900,13250,25373.54054,331828334.7,311383
1603555200,13101.32,12942.24,12891.89,13350,27572.07462,360792264.2,318587
1603468800,12921.88,13101.33,12724.83,13166,22722.42449,294457679.4,259208
1603382400,12931.8,12921.88,12832.98,13185.95,33896.93975,440277074.5,362364
1603296000,12729.52,12931.8,12650,13200,56162.38258,721845598,567417
1603209600,11923.47,12729.51,11856,12826.22,56699.85053,695414694.4,558856
1603123200,11806.88,11923.48,11650,11985,35777.34402,422433051.7,375007
1603036800,11448.18,11806.89,11408.26,11819.99,23159.67848,267761488.7,258531
1602950400,11336.86,11448.17,11301.13,11490.36,11995.30045,136707744.4,158799
1602864000,11332.07,11336.85,11256,11405,14913.85626,168991876.6,195026
1602777600,11397.07,11332.06,11188,11620,40703.71388,463107311.3,436796
1602691200,11319.32,11397.07,11254.29,11432.27,23847.06729,270946216.7,272661
1602604800,11384.68,11319.78,11290,11543.83,25698.14756,293213648.3,277326
1602518400,11546.99,11384.69,11305.46,11724,29945.597,343992481.7,349608
1602432000,11403.62,11546.99,11185,11589.5,26312.87545,299335512.2,286850
1602345600,11349.9,11403.62,11264.8,11446.15,14068.40549,159802844.8,196538
1602259200,11084.28,11349.9,11012.94,11489,23803.08448,268673372.9,280520
1602172800,10895.79,11084.28,10828.03,11098,24523.7025,268410679.9,268537
1602086400,10629.46,10895.78,10531.48,10948,23787.1373,254906939.1,247127
1602000000,10734.58,10629.45,10526.11,10751.12,19231.75874,204056626.2,252117
1601913600,10724.62,10734.58,10620.83,10798,17921.76637,192155425.5,206382
1601827200,10592.47,10724.58,10582.56,10773.45,15812.45887,168840978.8,173018
1601740800,10543.79,10592.47,10518.86,10636.63,9937.264551,105123905.6,138150
1601654400,10512.06,10543.8,10463.93,10578.95,13369.47436,140840557,159195
1601568000,10715.13,10513.68,10376.79,10715.14,33153.57962,348996017.6,371934
1601481600,10777.82,10715.13,10681,10920,20543.84176,222170970.9,222337
1601395200,10724.97,10777.82,10638.28,10865,20217.07886,217127117.5,207076
1601308800,10901.96,10724.96,10638.72,10916.38,22131.4555,237973150.7,224287
1601222400,10757.28,10901.96,10702,10954.97,25873.8131,281129566.7,240573
1601136000,10721.16,10757.29,10593.77,10799.06,17114.31647,183390246.9,192422
1601049600,10647.41,10721.15,10627.67,10820,18009.95851,192795956.9,209189
1600963200,10547.15,10647.4,10500,10793.88,32056.52728,341499341.7,314874
1600876800,10452.67,10548.08,10140.62,10558,31139.60246,321896885.4,321611
1600790400,10451.34,10452.67,10380,10575.83,21554.99124,225870243.7,231497
1600704000,10418.43,10450.68,10355.4,10532.25,29106.19335,304077832.1,310772
1600617600,10835.83,10418.42,10293.88,10987.32,38703.68031,413377379.8,440134
1600531200,11089.66,10835.82,10798,11118,15787.53211,172886062.3,246365
1600444800,10897,11089.65,10812.23,11180,19346.05484,212160622.7,259697
1600358400,10838.48,10897,10795.66,11038,22737.15969,248544440.6,281516
1600272000,11004.54,10838.48,10748.01,11093.84,32680.87157,356996210.8,367510
1600185600,10785.96,11004.54,10665.72,11018.81,31237.07082,338479627,378652
1600099200,10697.54,10785.95,10608,10933.28,32620.07255,350790546.3,397733
1600012800,10280.53,10697.54,10212.36,10700,30970.0642,323613126.8,350682
1599926400,10360.85,10279.61,10265.33,10580,21582.31541,224903901.2,288685
1599840000,10316.9,10360.86,10269.11,10397.07,14669.40056,151663772.1,223481
1599753600,10415.81,10316.91,10201.26,10442.59,24399.75463,251136988.4,338864
1599667200,10245.6,10415.81,10173.33,10488,32401.82272,334583828.3,390662
1599580800,10095.75,10245.61,9852,10278,35641.34936,360188681.7,416336
1599494400,10145.01,10095.75,9920.01,10437.34,49520.94469,503337460.1,486048
1599408000,10174.47,10145,9877,10345.3,46797.85996,473947671.9,520396
1599321600,10275.26,10173.2,9834.77,10300.83,74268.45288,751168260.2,831943
1599235200,10425.35,10275.27,9975.01,10627.66,63964.61467,660725489.6,748496
1599148800,10667.98,10425.34,9900,10789.04,89595.96336,926918434.7,1101662
1599062400,11330.3,10667.98,10449,11460.78,78698.35602,869627579.9,773747
1598976000,12040.02,11330.3,11160,12051.99,67745.478,787036297.1,719595
1598889600,11740.01,12040.03,11528.81,12050,49868.26588,588097661.7,512767
1598803200,11615.88,11740.01,11570.34,11776.53,35795.05512,417706837.1,370484
1598716800,11500.58,11616.25,11459.33,11661.17,22704.60076,262987448.4,328123
1598630400,11531.71,11500.59,11420.61,11580,23081.90889,265394723.7,287476
1598544000,11322.79,11531.71,11126,11534.9,34867.90903,395978366.7,425181
1598457600,11474.35,11322.79,11260,11585.58,41595.27636,474641552.9,472885
1598371200,11419.76,11474.34,11117,11500,48824.33693,554010729.6,535694
1598284800,11764.29,11419.18,11330.58,11786.83,44328.41579,513007319.4,438973
1598198400,11653.19,11764.29,11588.77,11823.67,28316.87739,331598666.7,303444
1598112000,11582.31,11653.19,11515.64,11688,15387.31078,178561340.3,299894
1598025600,11721.84,11582.3,11380,11767.27,32772.6658,379152999.4,507740
1597939200,11851.54,11721.83,11620.08,11880,26039.10789,307087921.9,538621
1597852800,11727.11,11851.54,11571,11864.09,29482.07345,346233298.9,441201
1597766400,11935.14,11727.11,11615,12083.95,40027.07567,473993877.4,620657
1597680000,12405.37,11935.13,11816.19,12440,50224.18069,612032420.7,621807
1597593600,11860.88,12405.37,11770.01,12448.39,47201.22472,566314852.9,592470
1597507200,11852.77,11860.88,11688,11976.8,27502.23009,325776598.9,404542
1597420800,11737.66,11852.78,11686.58,11980,31986.67807,378931406.7,430544
1597334400,11495,11737.66,11441.63,11828.9,31692.92856,370326315.1,531769
1597248000,11579.99,11495,11272.79,11655.41,29659.85535,341238486,489671
1597161600,11484.55,11580,11130,11617.8,46256.22919,526157022.7,563509
1597075200,11919.16,11484.56,11374.11,11948.29,42787.38861,501030973.9,492053
1596988800,11566.98,11919.16,11489.8,12052.03,41404.47834,489598559.7,529274
1596902400,11735.43,11566.98,11538.57,11795.01,19583.55282,228727381,331833
1596816000,11641.19,11735.19,11322.1,11806.19,27057.58567,313891658.7,333945
1596729600,11836.86,11641.2,11500,11908,37442.73565,440270974.3,389568
1596643200,11662.52,11836.86,11515,11875,42186.67032,493597072.4,482458
1596556800,11211.78,11662.52,11102,11693.64,34710.06493,395586064.4,369888
1596470400,11380.91,11211.78,11020,11470.05,34964.19638,393720615.1,423585
1596384000,11085.65,11380.92,10932,11381.38,31585.06332,353465706.4,399109
1596297600,11630.94,11085.65,10508,12106.54,93362.25454,1069338206,925569
1596211200,11346.43,11630.94,11220,11745.9,49932.9251,573652244.1,495030
1596124800,11010.39,11346.43,10961,11368.2,40466.56887,450648274.4,377031
1596038400,11159.04,11010.4,10833,11340,41006.40666,453770787.8,381317
1595952000,11149.37,11159.05,10833.41,11300,48049.51161,529653408.6,492750
1595865600,10301.47,11149.37,10297.59,11386,109242.1211,1192548424,1058164
1595779200,9960.23,10301.48,9843.99,10437.12,65651.7306,669447935.3,729142
1595692800,9593.35,9960.22,9574.41,10150.15,56327.98312,553562665.1,607417
1595606400,9549.81,9593.34,9513.28,9633.65,20946.28889,200570115.5,317380
1595520000,9524.57,9549.82,9466.18,9660,28083.15498,268226629.1,334599
1595433600,9336.35,9524.58,9326.42,9580.45,35982.39864,340961616.4,383629
1595347200,9336.22,9336.36,9280,9390.2,20532.25925,191829787.2,288155
1595260800,9172.68,9336.21,9146.12,9436,41957.38075,390126585.7,489320
1595174400,9120.88,9172.68,9117.63,9230,16887.83795,154944797.6,301040
1595088000,9169.08,9120.88,9100.16,9200.3,11626.13381,106367000.3,234431
1595001600,9147.39,9169.08,9124.6,9204,13375.87801,122483823.2,257576
1594915200,9124.64,9147.4,9089.39,9183.89,17532.17651,160062775.9,342048
1594828800,9204.08,9124.64,9047.81,9235,25051.2233,229050228.3,435092
1594742400,9220.01,9204.09,9188,9275,19327.97517,178512029.9,344063
1594656000,9290.28,9220.01,9117.12,9321.74,29028.89331,267350418.7,470037
1594569600,9216.34,9290.29,9158.74,9340.74,20718.65996,192284363.4,437880
1594483200,9225.5,9216.34,9185,9346.27,14680.55828,135759828.7,336559
1594396800,9244.67,9225.5,9180,9315.59,15130.12793,139836123.1,360748
1594310400,9209.4,9244.67,9126.49,9250.68,23122.51251,212513608.5,481000
1594224000,9409.62,9209.71,9160,9467.21,30962.53125,289735146.3,560839
1594137600,9274.56,9409.63,9205,9470,31309.95164,291827654.4,578795
1594051200,9306.59,9274.58,9221.04,9377.55,29191.90614,271173842.2,479018
1593964800,9029.09,9306.59,8909,9317,41396.79559,379459785.2,544156
1593878400,9065.42,9029.09,8990,9191.99,19442.10856,176695193.7,369633
1593792000,9099.4,9065.41,9041.72,9112,13099.90947,118901563.9,252166
1593705600,9047.76,9099.39,8942,9150,24729.52098,224462147.6,393461
1593619200,9264.34,9047.75,9035,9290,28194.07359,259169118.4,430715
1593532800,9168.99,9264.34,9092,9265,25552.41361,234222674.8,390517
1593446400,9124.88,9168.98,9065.26,9236.68,28936.98455,264916353.1,476755
1593360000,9160.46,9124.87,9026.77,9191.09,26266.16686,239148491.3,474791
1593273600,9132.41,9160.46,8841,9177,39214.62632,353669659.5,636531
1593187200,9150.95,9132.4,9091.83,9216.45,18826.54026,172415290.4,396065
1593100800,9238.15,9150.94,9046.24,9340,34540.21606,317552354.6,591896
1593014400,9248.98,9238.14,9011,9341.8,41807.55262,385306662.3,596310
1592928000,9691.59,9248.98,9200,9694.33,42807.97147,405093847.6,615540
1592841600,9492.14,9691.59,9470.23,9785,39958.92387,384857275.4,615216
1592755200,9373.75,9492.14,9278.19,9508,27792.77944,261599948.2,487805
1592668800,9260.91,9373.74,9240.86,9419.1,16758.8964,156727885.9,359110
1592582400,9382.85,9261.04,9172.22,9386.88,25791.97636,239912230.4,482338
1592496000,9385.12,9382.85,9240.48,9439,37657.88581,352071075.2,585595
1592409600,9400.16,9385.12,9241,9483.85,28652.24966,269591341.5,464211
1592323200,9452.4,9400.15,9371.34,9563.99,28911.05484,273887510.7,465227
1592236800,9297.63,9452.4,9282.28,9588.34,47677.65407,451717912.6,722424
1592150400,9419.68,9297.84,8915,9430.88,51841.61413,475136788.2,832896
1592064000,9437.44,9419.68,9315,9492.72,16573.46384,156090224.2,376658
1591977600,9418.52,9437.43,9301,9487.8,18927.64176,178265954.9,427770
1591891200,9522.35,9418.51,9101,9566.77,54062.98636,506447670.9,736765
1591804800,9758.13,9522.35,9505.6,9980.94,57796.47158,565206283.8,759379
1591718400,9718.01,9758.12,9682.62,9830,21799.35661,212606649.8,367967
1591632000,9705.88,9718,9566.71,9865,29407.55306,285537521.5,434793
1591545600,9500,9705.89,9457.36,9812.5,35932.59658,348828268.2,489648
1591459200,9651.05,9500,9400,9722.47,25866.58703,247703110.3,420961
1591372800,9710.8,9651.05,9537.01,9751.88,22799.19866,219949576.1,348890
1591286400,9828.61,9710.79,9607,9880,36360.75404,354865796.3,548490
1591200000,9558.54,9828.6,9463.55,9838,34648.49864,334075860.8,553363
1591113600,9466.69,9559.03,9391.49,9644.39,37256.56208,354592764.7,539659
1591027200,9545.71,9466.69,9300,10299,104583.3044,1032295410,1046270
1590940800,9479.94,9545.71,9400,9620,22773.4176,216918229.8,315659
1590854400,9538.88,9479.94,9402.14,9738.89,32141.77912,307907761.8,422534
1590768000,9411.9,9538.77,9330,9600,30232.39755,286954068.6,389064
1590681600,9501.16,9411.39,9333.33,9620,40097.61621,380177318,477377
1590595200,9146.61,9501.16,9053.9,9510,44579.89058,413623939.5,478144
1590508800,8726.98,9146.63,8700,9230,38293.13174,344466178.7,440041
1590422400,8781.23,8726.99,8705.01,9011.77,32352.45113,287356966.6,396411
1590336000,9055,8780.47,8649,9080.46,46543.6709,411100176.4,540211
1590249600,9198.08,9055.35,9008,9297.99,26797.21405,245995602.6,346572
1590163200,9221.13,9198.08,9081.1,9304.88,27058.97937,248992839.3,354043
1590076800,9085.95,9221,8818,9221,46964.48064,425712144.8,526020
1589990400,9414.96,9086.6,8951.22,9597,59731.29844,557828720.6,610125
1589904000,9686.2,9414.99,9330,9840,41818.36588,404610864.4,482863
1589817600,9668.44,9684.65,9471.41,9898,54006.11729,522787064.2,580981
1589731200,9819.84,9669.02,9480,9949,53880.692,524919875.4,564163
1589644800,9378.08,9819.99,9266.19,9887.26,44472.57232,426680551.5,492929
1589558400,9475.89,9378.08,9220,9587.63,40818.83353,384211885.5,485602
1589472000,9749.21,9474.81,9250,9877,64417.1685,617587023.5,697062
1589385600,9138.18,9749.23,9050.01,9940.98,71124.9443,678284004.8,804303
1589299200,8865.55,9138.15,8731.14,9175,38059.67834,340688762.8,492593
1589212800,8880,8865.54,8206.05,8940.54,67563.92549,583220780.6,762113
1589126400,8650.42,8880,8260,9160,76061.0036,664706825.3,810314
1589040000,9689.22,8650.42,8150,9793.74,111115.5604,978592439.6,941798
1588953600,9939.29,9688.9,9521.13,9998,49912.71927,487327801.4,532977
1588867200,9517.03,9939.29,9504.23,10060.04,94946.01524,936045224.9,845561
1588780800,9272.96,9517.01,9032,9599.59,67973.28226,635698882.2,599481
1588694400,8844.51,9272.37,8820.51,9377.95,61134.4711,557695525.8,550618
1588608000,8845.68,8843.9,8742.01,9100,46351.69601,413458228.1,502671
1588521600,8813.02,8845.67,8521,8955,44931.45331,392514264,524867
1588435200,8937.97,8812.95,8720,9192,56361.6875,505467984.9,581892
1588348800,8726.42,8938.08,8655.91,8965,31332.35226,276636848.9,352565
1588262400,8777.58,8726.41,8402.7,9058.65,75772.14757,663434374.1,675017
1588176000,8357.27,8777.43,8327.13,9456,148676.2845,1324898448,1313346
1588089600,7716.89,8357.03,7702,8384.03,59891.23731,480797255.3,635831
1588003200,7675,7716.91,7640.39,7778,28429.30581,219207602.7,330529
1587916800,7545.61,7675.62,7534.6,7790,36713.04611,282024171.1,431314
1587830400,7530,7545.64,7480,7700,29967.01833,227259722.7,357024
1587744000,7504.58,7530,7439.58,7700,28182.80751,212704221.8,330797
1587657600,7530,7503.88,7400,7609.75,42517.48747,319805568.7,411797
1587571200,7112.43,7530,7024,7750,62199.99206,455078265.3,510098
1587484800,6831.18,7112.3,6808,7121.66,33483.53672,232847232.8,333719
1587398400,7070.39,6830.26,6750.22,7085.9,48350.88489,331536111.5,492487
1587312000,7097.42,7070.4,6917,7213.34,31253.87833,221509542.7,382167
1587225600,7242.82,7097.16,7055.86,7294.12,24063.32283,172696765.5,337229
1587139200,7038.58,7242.76,7015,7267,30353.84577,216304106.5,324409
1587052800,7045.17,7038.93,6952.01,7190,40985.49007,289508766.2,415472
1586966400,6704.72,7045.17,6480,7150,82697.98674,567140886.6,656244
1586880000,6907.73,6704.17,6683,6980,44429.26838,303182930.2,370384
1586793600,6765.39,6907.31,6728.65,6950,47379.30714,324506812.6,353570
1586707200,7019.16,6766.05,6582,7179,67669.085,460795151.3,602507
1586620800,6830.45,7019.16,6761.47,7026.57,28671.21658,196882278.3,319046
1586534400,6768.66,6830.44,6745,6946.39,34071.15582,234173159.6,328010
1586448000,7283.24,6768.93,6744.05,7318.07,62361.13553,437614624.6,544578
1586361600,7276.39,7283.44,7115.35,7389.86,44393.89658,323579152.4,432469
1586275200,7318.51,7277.38,7080.8,7420,57497.32463,417838285.1,510137
1586188800,7144.12,7317.79,7073.33,7458,75748.03455,553586495.7,586531
1586102400,6784.64,7144.14,6677,7163.87,74336.02652,518642384.5,553420
1586016000,6730.91,6784.61,6715.53,6993,35191.29331,239800742.4,349289
1585929600,6712.37,6731.29,6606,6900,41722.18871,281151382.2,386438
1585843200,6805.99,6712.2,6651.42,7225,104409.0941,719554989.8,743842
1585756800,6229.63,6805.99,6150,6829.28,89710.27633,591501509.6,647495
1585670400,6453.79,6230.03,6171,6494.95,42489.93743,268355811.4,351273
1585584000,6344.22,6453.05,6306.69,6600,54129.70486,348731526,440456
1585497600,6131.31,6344.56,5860,6438.16,61805.19831,380400061.7,476384
1585411200,6213.01,6130.21,6024.58,6294.1,33342.38266,205505207.7,319640
1585324800,6623.8,6213.02,6069.8,6696,54674.95084,344421108.1,406061
1585238400,6617.1,6623.87,6572.14,6843.79,57624.05253,385681631.7,400729
1585152000,6618.33,6617.51,6515,6778.23,57010.97958,378776351.7,413184
1585065600,6587.57,6618.34,6454.45,6955,100958.2019,673304098.5,655749
1584979200,6231.19,6587.57,6226.28,6831.96,110684.5386,726881184.1,714280
1584892800,6075.73,6231.2,5686,6600,113649.773,690871837.8,754804
1584806400,6212.63,6077.22,5920,6450,74421.34959,460387383.6,612120
1584720000,6611.3,6212.12,5661,6660.93,113050.9493,696496168.5,847634
1584633600,5894.98,6611,5790,6912.43,162693.9091,1040295468,969025
1584547200,5328.57,5894.95,5140,5919,119136.1383,659898407.3,690553
1584460800,5360.98,5325.41,5010,5525.19,113138.2293,596564397.1,646741
1584374400,5143.42,5360.01,4823,5440,128859.0604,665542690.6,820772
1584288000,5326.49,5142.54,4450,5939.53,198639.2642,996802444.8,962014
1584201600,5310.69,5326.1,5068,5593,83851.75586,445484026.1,450700
1584115200,5211.17,5311.61,4825,5692.33,144983.9869,776125643.5,825663
1584028800,6133.78,5208.74,3800,6230,348718.9362,1798048167,1758866
1583942400,7781.59,6133.78,5555.55,7980,172203.7781,1143321583,1032910
1583856000,7770.76,7780,7737.46,8034.54,42441.12645,333553713.7,345287
1583769600,7763.41,7770.77,7689,8150,53899.14961,426899608.7,445845
1583683200,8399.58,7762.63,7638,8399.58,84341.20085,671927703.7,650365
1583596800,9113.39,8398.77,8318.88,9187.7,36025.09049,314498774.9,325303
1583510400,8998.37,9113.75,8998.3,9141,14295.20515,129945560.6,166733
1583424000,9085.16,8997.78,8988,9170,29623.50313,268860110.2,275161
1583337600,8700,9085.15,8670,9140,31674.13706,283211253,286819
1583251200,8751.51,8700,8655,8847.71,22666.63213,198405914.7,277548
1583164800,8829.98,8751.18,8668.23,8964.28,37411.80465,330059397.3,306891
1583078400,8558.26,8829.98,8418,8884.43,38045.45194,329297363,323527
1582992000,8650.64,8558.27,8515.83,8750,27892.92853,240014133.5,266430
1582905600,8716.65,8650.35,8482.52,8792.38,35242.02292,304993790.5,310609
1582819200,8846.4,8717.59,8444,8972.67,39997.80585,348515638.7,387364
1582732800,8996.78,8846.4,8531,9030.61,59856.55843,524682943.9,569016
1582646400,9399.58,8996.82,8980,9462.9,51292.68366,471662444.6,457217
1582560000,9700.6,9398.99,9367.17,9734.68,37307.1975,356699367.5,330826
1582473600,9862.48,9700.66,9580,9988,27840.37406,272354715.8,244341
1582387200,9630.65,9863.12,9589.94,9984,18175.19023,178626656.1,205649
1582300800,9722.19,9630.64,9560,9738.15,14140.08188,136457454.1,165532
1582214400,9573.85,9722.19,9400,9753.02,26758.22384,257748803.9,281106
1582128000,10121.42,9573.85,9320,10250,46087.3314,447444327,492396
1582041600,9830.04,10121.43,9813.3,10250,35919.37162,361767570.8,355170
1581955200,9638.41,9830.01,9578.59,9868.88,26775.55164,259980939,317435
1581868800,9861.3,9637.4,9456.56,9996.66,49331.55347,478964825.5,510063
1581782400,9993.93,9861.3,9813,10107.49,30072.21471,299078344.3,384953
1581696000,10251.86,9993.93,9800,10377.43,23867.70458,243469273.3,281372
1581609600,10255.29,10251.64,10111.11,10350,26776.35252,273844667.4,305621
1581523200,10314.95,10253.8,10090.99,10500,48602.89914,500819333.8,473849
1581436800,10164.61,10314.59,10163.29,10450,39520.46699,406427315.8,410606
1581350400,9865.05,10162.1,9717.24,10188.88,24159.48078,238545732.2,270915
1581264000,10098.85,9865.06,9751.61,10190.13,34306.77418,341541247.9,348653
1581177600,9828.97,10098.24,9810.88,10170.69,33862.62067,339194645,356088
1581091200,9803.84,9829.37,9670,9866,21991.80503,215109982.2,274218
1581004800,9789.18,9803.84,9670,9880,28297.61034,277019969,275595
1580918400,9482.1,9789.18,9470,9866,48012.20325,464531071.1,449220
1580832000,9210.23,9482.1,9150.19,9492.7,25339.37079,236449071.4,237163
1580745600,9268.18,9209.78,9100,9356.38,32322.36333,298395492.5,242068
1580659200,9446.25,9268.18,9265.71,9600,33477.03097,314093906.7,284656
1580572800,9337.12,9447.12,9165.38,9473,27890.72187,260905948.2,268877
1580486400,9337.1,9336.59,9257.12,9464.63,21127.61143,197873590.4,205584
1580400000,9385.04,9337.1,9210.7,9576.22,41536.36749,390271395.9,359030
1580313600,9285.2,9385.59,9210,9444.39,27269.19994,254795751.3,299128
1580227200,9022.96,9287.01,8901,9436.01,39829.48812,369329308,342642
1580140800,8779.95,9024.68,8749.6,9184,41053.46852,369853496.8,389845
1580054400,8458.01,8779.76,8452.89,8797.88,27222.6691,235738052.4,280212
1579968000,8335.83,8458.02,8294.01,8486.44,13028.73879,109374449.1,147438
1579881600,8507.78,8336.63,8272.68,8526.28,16410.74784,137584317.5,162991
1579795200,8359.43,8507.59,8239,8516.42,27678.63099,231427933.3,247091
1579708800,8654.14,8359.34,8328.2,8708.94,32240.25689,274947645.2,303582
1579622400,8645.13,8654.15,8500,8817.73,25471.46,221118603.6,204282
1579536000,8677.97,8646.8,8607.43,8744.51,17344.07907,150214939.7,153447
1579449600,8632.82,8677.2,8480,8756.04,27195.32036,235036539.7,234172
1579363200,8902.73,8633,8520,9198.96,56686.86458,502305168.8,418190
1579276800,8853.26,8902.74,8802.62,8989.99,30933.48945,275363178.2,312105
1579190400,8710.01,8853.12,8622.14,9038.25,47648.41884,421638813.9,410687
1579104000,8763.62,8710.03,8591,8876,40363.09146,351839994.6,371165
1579017600,8678.68,8763.62,8510,8915.63,90679.80829,792609847.1,741243
1578931200,8084.83,8680.15,8071.93,8761.05,76162.14765,644646460.4,539213
1578844800,8151.9,8084.5,8053.45,8195,29744.67785,241321920.8,223482
1578758400,8099.34,8152.36,7961,8285,29268.4901,237478731.1,285130
1578672000,8065.16,8100,7912.3,8253.97,47004.93503,380085787.3,394235
1578585600,7903.97,8065.2,7673.27,8088.65,54321.90512,426252303.9,399924
1578499200,8305.01,7903.97,7855,8338.93,55399.52725,443967306,366499
1578412800,7765.94,8305,7729.01,8475,77083.47411,633934552.1,506249
1578326400,7519.82,7765.84,7510,7999,52168.98951,408023594.2,328525
1578240000,7468,7519.99,7318,7600,35023.80752,262313989.7,262553
1578153600,7319.56,7468.01,7270.88,7493,26056.82575,193238526.3,234741
1578067200,7319.2,7319.32,7261.23,7400,26206.61284,192208633.6,238425
1577980800,7130.42,7319.53,6871,7380,60722.97854,434426199.9,408131
1577894400,7232.36,7130.58,7105.88,7248.9,16312.40736,116862880.2,162379
1577808000,7194.7,7232.36,7146.85,7256,13943.578,100435246.6,137459
1577721600,7260.73,7195,7190,7322.76,20349.40407,147415046.4,190773
1577635200,7394.91,7260.84,7251.51,7527,27526.80796,202900654.3,229004
1577548800,7303.94,7394.89,7273.61,7417.26,19891.45614,145975204.9,171003
1577462400,7238.75,7303.95,7178.15,7360.39,25992.0845,189181732.1,211496
1577376000,7232.85,7239.14,7088,7437.6,51436.86441,372093663.1,342084
1577289600,7189.15,7232.99,7130,7267.02,19946.62632,143631147.3,175445
1577203200,7279.12,7189.16,7160,7308.4,28375.34173,205268241,234204
1577116800,7584.34,7279.09,7228,7689.99,47938.94887,353899526.9,321023
1577030400,7185.09,7583.62,7163.26,7631.46,46878.73942,350514696.5,365521
1576944000,7139.47,7185.95,7119.47,7200,13916.25411,99573251.53,128506
1576857600,7154.79,7139.49,7110,7210,13306.93459,95262820.91,136564
1576771200,7144.59,7154.34,7080.01,7214.85,21788.67968,155600884.6,217105
1576684800,6823.13,7144.6,6771.99,7437.05,66307.32446,472502139.4,577186
1576598400,6696.8,6822.45,6433,6863.26,58296.5434,387191869.4,538760
1576512000,7088.53,6695.01,6688.68,7114,39680.76127,272983859.6,343665
1576425600,7119.12,7088.21,7043,7150,17441.22054,123727787.4,138310
1576339200,7060.08,7120,7011,7200,19280.05935,136728151.3,177438
1576252800,7253.25,7060.02,7031,7300,19008.75968,136808814.7,166808
1576166400,7191.03,7253.23,7176.93,7268,19297.14179,139325117.5,190583
1576080000,7173.12,7191.03,7092.77,7295.71,32840.72159,235603245.5,277804
1575993600,7237.79,7173.52,7132.26,7271.89,23230.63273,167725481.2,276888
1575907200,7423.62,7238.09,7214.27,7447.98,31351.00312,230183339.7,310460
1575820800,7545.95,7423.63,7394.93,7650,30718.8073,230432414.8,229896
1575734400,7508.98,7545.99,7377.13,7562,21817.73561,162981030.2,168253
1575648000,7373.57,7508.8,7371.86,7615.5,32974.16612,247385723.1,251131
1575561600,7338.03,7373.57,7265.05,7445,34497.98014,254215544.5,255343
1575475200,7465.15,7338.03,7100,7502.54,55099.13545,402282327,381655
1575388800,7333.55,7464.47,7082,7750,54339.06201,398613372.9,323542
1575302400,7309.32,7334.68,7238,7400,31347.6206,228954118.4,226690
1575216000,7305,7308.61,7150,7436,37924.64906,277124232,260201
1575129600,7538.11,7305,7230.6,7612.72,49713.07704,367035449,324766
1575043200,7807.01,7538,7512,7850,35571.8496,273824901.4,244013
1574956800,7611.39,7804.63,7365,7814.39,55455.48557,419872799.7,386122
1574870400,7302,7611.4,7209.06,7656.67,52124.01857,390801264.2,421533
1574784000,7098.57,7302,6849.43,7339.55,50268.14357,357055768.2,387354
1574697600,7251.74,7098.57,7021.95,7374,59861.30449,429790012.3,454089
1574611200,6982.88,7251.74,6514,7285,98983.84627,682561431.3,703215
1574524800,7290,6983.09,6962,7342,42440.87254,304710078.3,291605
1574438400,7121.89,7290.68,7080,7380,60915.71822,439495575.4,399271
1574352000,7628.59,7121.44,6790,7725.09,91327.40288,664521165.6,627969
1574265600,8126.38,7628.59,7450,8235.52,47613.54426,373464706.8,314129
1574179200,8099.71,8126.41,8039.94,8160,21764.38012,176551033.8,224988
1574092800,8409.19,8099.7,8005,8432.85,41262.82042,337117695.9,316836
1574006400,8526.84,8409.2,8372,8620,21935.02508,185753933.2,240430
1573920000,8489.3,8526.84,8368,8585.46,16312.5032,138654467.1,185660
1573833600,8476.43,8489.21,8430.2,8539.71,16388.64584,138949202.9,202335
1573747200,8641.65,8476.24,8400,8787.6,35973.26829,308818019.2,355350
1573660800,8750.77,8641.53,8585,8800.01,21422.64967,186236974.2,220976
1573574400,8703.91,8749.02,8685.69,8837.97,21492.42434,188292582.3,239696
1573488000,8723.6,8702.41,8580,8879,22474.13599,196242963.4,262238
1573401600,8796.19,8724.47,8611,9139,34416.13932,305928547.7,415670
1573315200,8801.26,8796.92,8728,8888,14551.81739,128253386.1,218472
1573228800,8820,8800.01,8718,8899.48,22826.69801,201361963.5,274359
1573142400,9188.29,8819.41,8691.29,9261.53,41303.6363,372405391.8,374492
1573056000,9333.04,9188.77,9139.14,9371.15,23876.63615,221001540.4,251695
1572969600,9368.68,9334.74,9256.13,9438.88,25595.43423,239233843.2,250569
1572883200,9293.63,9368.67,9171.29,9500,41808.81361,390492601,345552
1572796800,9178.62,9293.68,9070,9320,22800.19106,209633295.9,214765
1572710400,9319.84,9178.62,9101,9359.75,18413.84527,170135525,194082
1572624000,9084.09,9319.84,9062.96,9372,27744.35263,256241254,278579
1572537600,9212.09,9084.09,9003.88,9280,40800.98787,372807794.8,350505
1572451200,9097.57,9212.1,8938,9400,37603.92861,344297174.9,338206
1572364800,9339.81,9096,9000,9481,48442.31201,447053653.1,485058
1572278400,9374.44,9339.81,9193.22,9539.58,41333.29326,387227515.9,382217
1572192000,9524.44,9374,9256.89,9897.12,64125.29363,611585807.6,596305
1572105600,9194.08,9522.05,8900,9642.6,59260.13146,550190420.7,555807
1572019200,8283.79,9194.08,8269.99,10350,165320.1549,1526638452,1238365
1571932800,7433.55,8283.79,7379.97,8471.13,43566.76426,335791293.7,312880
1571846400,7430.01,7433.56,7300,7533.73,28704.30947,213445831.7,293208
1571760000,8211.94,7431,7407.5,8220,50589.59287,391569114.9,464037
1571673600,8190.61,8211.94,8145,8297.9,19619.08588,161029300.8,187490
1571587200,8023.74,8190.61,8010.52,8335,24619.31622,201951833.2,367718
1571500800,7990.74,8023.74,7869.9,8041.88,17270.91475,137216612.5,274263
1571414400,7920.03,7990.74,7869.26,8088,18154.58282,144555657.1,193693
1571328000,8068.84,7920.1,7820,8123.33,22974.13365,182986038.1,236653
1571241600,7951.4,8068.84,7917.14,8114.95,19948.36329,159713574,314170
1571155200,8318.75,7951.4,7940,8320.28,26308.79184,213161447,297052
1571068800,8252.4,8318.61,8205.89,8408,22783.08079,189335992.9,222385
1570982400,8401.82,8253.2,8155.55,8449.3,18933.2121,157068274.7,181498
1570896000,8371.9,8401.8,8274.75,8436,14565.16674,121628807.4,198655
1570809600,8346.49,8371.9,8223.34,8399,18254.29353,151890019.7,242201
1570723200,8538.34,8346.49,8270.05,8780,41732.53024,353202753.9,411817
1570636800,8547.41,8538.6,8420.53,8666.56,33585.43598,287038045,278044
1570550400,8186,8547.69,8100,8642.72,32360.34381,268847241.5,247891
1570464000,8176.38,8185.9,8091,8325,27384.42051,225081773.4,303886
1570377600,8007.29,8177.72,7765,8213,28943.20877,230354043.8,268581
1570291200,8080.65,8007.92,7860.51,8179.92,23548.3152,188415230.5,193072
1570204800,8148.16,8082.9,8013.08,8215.6,13278.72702,107719892.4,137045
1570118400,8110.14,8148.98,8002.08,8280,21162.36274,172169013.2,187094
1570032000,8235,8110.14,8068.66,8388.98,23978.66044,197528845.7,199954
1569945600,8359.99,8235,8152.08,8495,23452.7105,194101399.1,184206
1569859200,8283.84,8360,8166.18,8498.76,29399.08037,244840011.4,257481
1569772800,7966.6,8284.66,7716,8300,48234.37741,384783175.7,335671
1569686400,8069.83,7966.98,7891.06,8320,29566.86342,239396639.6,226608
1569600000,7981.1,8069.83,7935.93,8257,25479.46411,206776206,223878
1569513600,7931.24,7981.09,7750.01,8166.03,50816.97752,406127243.9,376400
1569427200,8296.91,7930.71,7880,8624.87,45943.74541,381508946.1,321066
1569340800,9529.3,8295.98,7700,9600,107167.0051,914514515.3,753652
1569254400,9869,9529.89,9405,9886,35988.49853,348008283.2,423179
1569168000,9986.6,9868.6,9690,10072,18541.7564,183911868.4,274001
1569081600,10040.32,9986.67,9857,10087,16409.90781,163597817.5,345541
1568995200,10178.67,10040.32,9901,10187.5,15397.73056,154939233.9,245570
1568908800,9879.99,10178.67,9875.23,10322.68,25380.59247,258020013.9,342450
1568822400,10174.98,9879.99,9631,10212.09,29213.47174,289375271.2,356294
1568736000,10198.74,10174.98,10100,10270.26,19891.80059,202861820.1,323865
1568649600,10120.8,10198.74,10080,10330,18094.56824,184583346.7,284826
1568563200,10305.58,10120,10120,10355.32,16792.72452,172042481.8,214884
1568476800,10357.49,10305.58,10241.27,10418,14665.45992,151326622.3,187957
1568390400,10298.98,10357.55,10153.66,10398,18082.19492,186097588.5,222984
1568304000,10322.01,10298.98,10233,10450,18584.71615,191916226.4,288200
1568217600,9990.11,10322,9930,10371.3,22102.94187,224592539.3,285632
1568131200,10176.02,9990.11,9882,10295,27360.7536,275331466.6,341598
1568044800,10318.5,10174.23,10162,10379.99,18484.40069,189797525.7,274478
1567958400,10386.37,10318.4,10070,10513.78,27821.30237,286545891.4,324442
1567872000,10455.45,10386.39,10217,10580,21347.30045,223184268.6,267637
1567785600,10842.68,10455.1,10189.64,10854.18,29069.95139,302460375.7,396536
1567699200,10543.73,10841.02,10470,10907.47,27577.85551,295247137.4,339493
1567612800,10405,10543.78,10404,10790,25673.95648,271400715.2,327620
1567526400,10686.8,10405,10371.55,10720,28536.83505,300772007.6,334709
1567440000,9880.96,10687.55,9880.44,10760,49707.07571,516665368.1,575878
1567353600,9604.65,9880.96,9520,9950,21074.26314,205744336,232386
1567267200,9593.71,9604.82,9430.04,9680,13599.13776,130355260.2,150765
1567180800,9589.65,9593.62,9451.99,9690,15116.81269,144815288.2,208921
1567094400,9506.71,9589.16,9350,9630.33,21810.50413,207474840,254441
1567008000,10236.37,9508.18,9311,10272.31,57439.88034,554648792.6,511699
1566921600,10191.16,10236.56,10050,10296,22392.15244,227705326.3,240413
1566835200,10339.95,10190.42,10053.46,10410,23670.98541,241833481.8,283554
1566748800,10068,10339.86,9901,10628.73,37668.09096,389895389.2,396671
1566662400,9993,10068,9950,10333.33,23473.29861,237299775.5,313528
1566576000,10397.33,9993,9880,10440,25055.34445,254843829.2,389131
1566489600,10113.89,10395.65,10020,10448,24219.34854,246996004.4,272127
1566403200,9989.32,10113.89,9765,10187.82,35340.3005,353311975.7,335467
1566316800,10740.06,9989.03,9922.97,10843,38771.35319,399064476.4,363455
1566230400,10708.99,10742.24,10550,10950,28193.90486,302915006,278653
1566144000,10389.89,10708.99,10260.01,10776.2,28596.80989,301603371.5,244663
1566057600,10312.01,10390.68,10000,10500,28243.06803,289207086.1,233460
1565971200,10387.65,10312.58,10211,10536,31657.08471,328167573.1,260650
1565884800,10096.3,10384.35,9768,10450,58600.3782,594008178.6,542792
1565798400,10516.29,10093.35,9518,10630,72343.02568,723546321.1,624312
1565712000,10952.57,10516.32,10409.01,10994.42,34706.44573,370507571.8,292856
1565625600,11394.93,10950.84,10918,11466,21274.27163,239018251.7,203396
1565539200,11382.57,11395.04,11240,11597,18801.9394,214672709.1,194109
1565452800,11409.73,11385.93,11111,11484.43,21803.77007,247501222.7,228206
1565366400,11739,11408.48,11306,11980.08,35859.339,418302126.8,313458
1565280000,11696.98,11740.52,11530,12074.51,38849.33991,458924218,333465
1565193600,11667.37,11699.06,11500,12080,38706.24115,458543526.7,376894
1565107200,11696.06,11667.37,11223,12141.49,48033.03162,561371536.8,417450
1565020800,11749.99,11696.07,11568,12300,59315.01129,704337304.2,486015
1564934400,10941.43,11749.99,10791,11850,48604.01584,556712330.1,418446
1564848000,10735.98,10941.41,10555,10965,25051.48368,269535601.3,230097
1564761600,10614.87,10735.97,10356,10868.21,30461.33259,324420028.4,306197
1564675200,10013.51,10614.87,9990.85,10639.26,32789.09569,341152527.1,323866
1564588800,10044.84,10014.06,9880,10158,21769.20152,217583915.4,237111
1564502400,9683.05,10044.84,9505,10087,29172.87268,285372822,320988
1564416000,9539.6,9683.01,9400,9709.47,28779.20383,274180641.1,238424
1564329600,9519.26,9539.6,9177,9730,33500.14792,319611547.9,298912
1564243200,9427.7,9518.54,9350,9574.37,16112.81946,152837017,172887
1564156800,9790.76,9429.22,9333.33,10175,39977.70924,389239855.2,348143
1564070400,9989.3,9793,9638,10070,22060.82778,215973587,233907
1563984000,9910.81,9989.3,9520.6,10180,32546.37503,322742906.6,291436
1563897600,9933.69,9911.79,9588.49,10227,32261.97121,316704167,330289
1563811200,10240.01,9933.64,9876.84,10429.12,36724.66659,372057206.9,399835
1563724800,10441.66,10243.54,10163,10680,27584.77062,288726184.4,272202
1563638400,10612.3,10440.89,10340,11050,40782.0922,435798952.3,418252
1563552000,10420,10613,10300.13,10709.18,27558.89489,289951353.8,278730
1563465600,10442.27,10414.41,10120,10776.99,66609.35294,697698717.6,641015
1563379200,9717.39,10435.57,9280,10450,75659.92125,743502187.6,508447
1563292800,10498.57,9719.02,9056.56,10499.36,111533.4716,1066359329,771419
1563206400,10564.94,10499.38,10320.06,11078.93,60302.92274,644822760.3,445690
1563120000,10417.45,10564.46,9856.1,10730,70167.84568,720813233.3,551823
1563033600,11416.99,10417.45,10301.68,11478.32,62343.22963,683129479.9,529199
1562947200,11478.01,11415,11200,11878,32352.38496,372725416.5,305368
1562860800,11490.58,11476.13,11003.22,11754.99,58483.75355,670073250.2,490183
1562774400,12370.22,11488.18,11199,12370.22,87580.47721,1027854504,778181
1562688000,12343.49,12369.01,12101.01,13150.84,71479.34119,912731310.4,694654
1562601600,11832.29,12343.81,11750,12780.16,60536.69869,748095839.2,533523
1562515200,11221.22,11832.01,11126.43,11917.1,39374.67631,455451201.5,354060
1562428800,11569.02,11225.02,11060,11666.6,30625.19441,345564483.3,335011
1562342400,11228.95,11568.21,10805,11621.39,41141.23717,464219170.7,464976
1562256000,11708.29,11226.42,10780,11854.79,52529.86655,590542675.9,545191
1562169600,11420.03,11708.65,11040,11999,59488.80856,693230406.9,613627
1562083200,10626.02,11420.02,10418.25,11488,78287.72377,870679180.9,705141
1561996800,10388.88,10620.24,9725,10704.89,94576.61357,962161432.7,745765
1561910400,11155.32,10388.88,10050.3,11524.23,74280.96175,808271730.7,619637
1561824000,11940.81,11154.36,11049.89,12245,51454.2529,604613920.9,501605
1561737600,11989.99,11941.51,11508,12478,64419.6087,770978324.3,627249
1561651200,11819.96,11988.09,10521.74,12200,123278.0826,1404771716,1155742
1561564800,12889.98,11819.98,11500,13968.76,151419.0045,1912449786,1508570
1561478400,11384.62,12889.98,11267,12999.99,81262.10403,1004172508,776951
1561392000,10934.31,11384.6,10868,11499.81,45721.79453,514133192.6,484514
1561305600,10813.12,10934.67,10620,11489,42367.213,461681857.8,583818
1561219200,10800.41,10813.12,10417,11013.57,40146.0385,431175450.2,568647
1561132800,9795.26,10804.09,9793.26,11168,66896.4932,706135594.8,815123
1561046400,9373.5,9795.26,9290,9899,38532.01343,371462661.2,449288
1560960000,9090.39,9374.39,9066,9403.58,24571.78262,227523098.8,256164
1560873600,9084.97,9090.76,8966,9199,20775.07133,188913859.2,205269
1560787200,9158.37,9085.25,8966,9439,32944.35399,302906501.6,351908
1560700800,9200,9158.36,8830.33,9368.98,29860.35519,272731711.3,362724
1560614400,8750.01,9200,8728.28,9337.93,41260.79781,373255419.4,444852
1560528000,8385,8750,8314.65,8787,24025.16469,206348748.7,473524
1560441600,8172.26,8385,8136.9,8447.5,22612.92956,187001459.4,263757
1560355200,8135.69,8172.49,8011,8215.71,23143.23032,187851374.1,313459
1560268800,7763.27,8133.96,7690.19,8199,27930.81524,222191477.9,261577
1560182400,7912.9,7763.3,7711.72,8010,16157.07898,127030347.2,163568
1560096000,7720.04,7912.1,7508,8016.69,27059.05793,209251779.3,382122
1560009600,7921.09,7720.03,7669.49,7943.55,14651.9255,114531456.7,181027
1559923200,7930.21,7921.87,7843.27,8094,16910.42633,134623514.5,205497
1559836800,7691.22,7930.21,7450,7998,24365.71207,190033796.6,457558
1559750400,7628.11,7691.22,7580,7910,27226.17635,211189112.6,257286
1559664000,7944.75,7628.12,7479.35,7980.28,37854.33458,292483225.8,625828
1559577600,8477.94,7946.31,7800,8585,42496.34169,342994163.3,579960
1559491200,8679.36,8477.94,8330.21,8755.99,27638.81528,236416566,292011
1559404800,8528.27,8678.77,8468.01,8812.46,22600.94854,195149449.3,520109
1559318400,8351.65,8528.14,8294.25,8622,21728.62159,184852327.7,271179
1559232000,8928.99,8351.67,8010,9063.92,52835.17274,444042040.5,700626
1559145600,8684.86,8928.99,8550,8950,28934.9409,251558318.7,324894
1559059200,8683.89,8683,8425.01,8789.2,27194.41703,234758738.9,312974
1558972800,8802.03,8683.9,8540,8906.78,30576.02131,266493691.6,340395
1558886400,7981.33,8802,7938.41,8888,54116.59256,465697354.4,434924
1558800000,8015.75,7981.33,7858,8059.99,15602.3683,124375066.3,179509
1558713600,8040.11,8015.75,7901,8122.14,22692.051,181756646,242445
1558627200,7754.83,8040.11,7704.33,8084,36860.37422,290840628.1,324692
1558540800,7937.96,7754.85,7467.84,7948.44,42229.77066,323931490.1,336606
1558454400,7891.7,7937.96,7729.48,8035,27105.67116,214098891.5,267313
1558368000,7836.69,7894.16,7680,8080,34952.78603,275738115,325938
1558281600,7961.07,7836.69,7560,8286.64,46042.86516,364281468.7,378412
1558195200,7343.46,7961.07,7230,8090,46025.23306,357647142.5,369009
1558108800,7097.35,7343.46,6990,7450,36079.78595,261907591.5,328639
1558022400,8003.12,7097.35,6925.14,8035.4,67501.12995,498735085.5,593276
1557936000,7991.46,8003.11,7750,8310,61940.78,499164649.2,601916
1557849600,7959.33,7991.46,7680,8145,53384.76289,424647808.1,530760
1557763200,7778.44,7959.33,7650,8343.41,80017.22406,638703325.7,672180
1557676800,6866.68,7778.44,6825.04,7856.41,55794.74447,403911779.4,407257
1557590400,6900,6867.32,6772.48,7513.19,81294.10164,582542474.2,610005
1557504000,6340.19,6899.99,6279,6950,53402.63587,355658169.2,369270
1557417600,6036.59,6339.58,6033.89,6360,33676.30334,210082762.8,232754
1557331200,5952,6035.75,5906.26,6115,31618.87711,190951693.1,206254
1557244800,5920,5952,5790,5970,22898.9028,135235303.3,186955
1557158400,5730.99,5920,5730.99,6025.87,30934.03089,182757226.1,214193
1557072000,5772.29,5731,5621,5818,18857.77704,107617066.8,154481
1556985600,5643.48,5772.29,5626.01,5872.6,23394.7102,135076088.8,186647
1556899200,5787.71,5643.48,5601,5911,28377.967,163861528.9,200648
1556812800,5521.31,5787.71,5473.6,5841.48,32557.25909,184763963,211263
1556726400,5354,5521.02,5343.64,5533,13612.4561,73923335.42,115923
1556640000,5311.95,5354,5286.04,5368.74,10090.02282,53819715.51,92829
1556553600,5233.33,5311.59,5187.22,5337.14,17415.83082,91447711.08,135353
1556467200,5333.33,5232.53,5194,5333.43,14240.57216,75204772.6,147540
1556380800,5282.81,5332.89,5278.11,5340.48,9428.359988,50071018.09,105492
1556294400,5282,5282.81,5201.11,5336,15249.63588,80535672.97,127394
1556208000,5428.97,5282,5150,5518.58,40627.52815,215772968.3,271961
1556121600,5424.2,5428.96,5341,5443.8,19170.86789,103600493.4,150480
1556035200,5534.61,5424.17,5333,5588.87,27489.62429,150606526.6,210500
1555948800,5279.05,5535.82,5251.01,5605,29598.44008,161188753.5,171575
1555862400,5238.1,5279.05,5191.77,5350,13497.77993,70946383.04,121009
1555776000,5290.08,5238.1,5172.2,5312.59,15722.37859,82652961.52,150378
1555689600,5263.17,5290.08,5228,5333,11122.15998,58754223.24,110990
1555603200,5232.42,5264.09,5180.66,5285,11296.4326,59129914.53,126197
1555516800,5183.51,5231.18,5169.99,5270,30041.25711,156723655.8,116479
1555430400,5069.61,5183.52,5060.43,5228,28421.28037,147204710,165551
1555344000,5131.74,5069.74,4935,5140.39,14820.4286,74711952.54,200432
1555257600,5060.71,5133.25,5055.5,5167.64,11536.90253,59134557.56,138201
1555171200,5052.95,5061.09,4999.9,5071.95,6786.116476,34191206.16,115412
1555084800,5040.41,5052.95,5000,5089,9310.382857,47021212.12,142329
1554998400,4994.81,5040.4,4871,5064.68,20819.53274,103952445.2,219762
1554912000,5243.99,4995.04,4920.75,5407.18,31313.7396,161368041.7,318575
1554825600,5157.06,5243.99,5123,5250.27,14160.0269,73558727.34,172765
1554739200,5192.37,5157.77,5080,5256.71,19413.55923,100251571.5,230603
1554652800,5120.32,5192.14,5050,5300,30826.49971,159653253.5,318483
1554566400,5090.9,5119.9,4934.11,5200,26371.68127,134799489,279431
1554480000,4966.61,5091.99,4950,5099,16449.64658,82204092.1,197813
1554393600,4979.21,4966.61,4780,5028.55,27464.77173,135329030.5,294821
1554307200,4961.84,4979.65,4816.5,5277.31,40020.6802,200959562.1,451802
1554220800,4735.16,4961.96,4670,5028.6,55272.49246,269503480.1,452878
1554134400,4145.02,4735.06,4135.24,5000,61124.94101,278662386.5,470666
1554048000,4098.21,4144.79,4069.86,4158.61,29454.73484,121511527.3,278492
1553961600,4076.92,4098.2,4060.07,4119.84,26342.13005,107899410.7,275058
1553875200,4091.52,4076.92,4054.22,4138,31030.48563,127100598.4,259681
1553788800,4030.61,4091.53,4020,4122.79,29178.61294,118146973.7,261278
1553702400,4023.54,4030.74,4005.3,4048.08,26802.23788,107813354.6,231594
1553616000,3941.33,4023.53,3926.4,4041.48,30764.10981,122602452.3,257026
1553529600,3963.1,3941.32,3890.6,3982,31268.81133,122895596.2,265349
1553443200,3993,3963.41,3961.32,4000,23360.09483,93148485.67,157443
1553356800,3999.99,3993,3968.8,4007.06,23160.30289,92454130.36,111454
1553270400,3994.04,3999.98,3978,4020,18116.68041,72399464.23,165279
1553184000,3972.47,3994.01,3945,4009.63,15558.26651,61999604.14,188231
1553097600,4014.95,3973,3908,4067.87,30635.50447,123334352.7,282941
1553011200,3996.89,4014.95,3980,4031.55,27909.20071,111816154.9,255493
1552924800,3981.2,3996.88,3970,4012.9,18728.05166,74688751.73,264845
1552838400,3989.23,3981.2,3954.16,4034.66,22565.08886,90026572.38,320692
1552752000,3989.57,3989.23,3955.18,4007.61,15878.94622,63250000.58,244672
1552665600,3927.08,3989.53,3911.65,4055,31253.78164,124259932.6,390852
1552579200,3881.97,3927.02,3872,3936,23687.45939,92234303.14,248257
1552492800,3871.58,3881.91,3815,3917.94,24374.96012,94300170.51,248092
1552406400,3873.55,3871.58,3840,3891.53,23741.15767,92008595.55,273056
1552320000,3850.09,3873.55,3815.38,3900.07,30913.63213,119446703.4,335790
1552233600,3906.6,3849.82,3840,3940.95,27492.21718,107082104.2,324916
1552147200,3948.71,3906.37,3886,3968.18,25947.06552,101656778.6,335442
1552060800,3909.87,3948.71,3800,3966,32072.56343,125222351.5,335551
1551974400,3876,3909.87,3860,3935,41121.21697,159924678.5,233316
1551888000,3860.8,3875.25,3844.09,3904.3,26254.64593,101656845.9,192806
1551801600,3833.73,3860.79,3813.69,3893.58,33686.3834,129649372.5,205583
1551715200,3712.5,3833.86,3699.07,3847.94,39895.5211,149509706.3,166017
1551628800,3798.17,3711.76,3672.61,3827.73,42379.31261,159383355.2,173170
1551542400,3812.68,3798.17,3793,3834.44,26834.90912,102503750,128249
1551456000,3830.17,3812.69,3773.47,3857.21,17519.91882,66957567.54,155600
1551369600,3851.75,3830.16,3800,3871.6,14665.77844,56149637.23,156303
1551283200,3806.55,3851.74,3688,3890,28416.56322,108329991.8,258129
1551196800,3821.01,3806.51,3788.66,3835.07,20989.19193,80040764.07,312392
1551110400,3808.68,3821.01,3782.15,3869,26706.9131,102082163,281900
1551024000,3780.16,3808.68,3714,3819.24,33048.31518,125155335.4,255833
1550937600,3942.25,3780.17,3667,4200.02,48778.86732,196624267.2,327795
1550851200,3953.55,3942.26,3936,3974.75,18095.19666,71579346.48,135858
1550764800,3930.61,3953.65,3915,3988,22756.98109,89865618.66,149498
1550678400,3938.06,3930.61,3901,4015,25315.89627,100038656.7,195317
1550592000,3971.05,3938.05,3877.77,3985,29364.58083,115601750.5,219736
1550505600,3822.98,3971.15,3822.87,4001,39073.55321,152774929.5,320298
1550419200,3622.11,3823.42,3611,3845.99,32986.30365,123043468.4,201819
1550332800,3634.39,3622.05,3600,3699,16644.83045,60464701.95,126012
1550246400,3586.6,3634.73,3586.18,3648.12,13301.36168,48102542.89,116391
1550160000,3600.77,3586.61,3573.71,3649.99,15859.9686,57183645.55,104401
1550073600,3594.85,3600.79,3570,3624.3,14514.04989,52311364,99003
1549987200,3619.58,3594.86,3590,3666.81,18658.14942,67705289.96,147972
1549900800,3641.54,3619.59,3586.49,3648.14,16533.92936,59857379.29,156851
1549814400,3627.36,3641.54,3615,3684.98,18236.96595,66358944.91,147967
1549728000,3644.46,3627.35,3611.42,3672,13638.40098,49701579.65,134684
1549641600,3505.45,3644.4,3487,3734.06,25934.79852,94595826.52,208880
1549555200,3406.64,3506.06,3380,3520,18361.39771,62807241.86,123274
1549468800,3420.04,3406.66,3385,3434.73,17407.21164,59309669.8,89403
1549382400,3459.89,3420.95,3382.18,3482.6,11286.57851,38758211.5,118026
1549296000,3458.95,3460.76,3448.81,3480,17072.238,59150334.6,76276
1549209600,3464.68,3458.95,3427.49,3487,18635.47561,64387166.88,85864
1549123200,3456.41,3463.84,3448.77,3525.25,17565.64497,60992829.47,95367
1549036800,3461.89,3456.28,3440,3484.95,16778.92573,58124867.69,97729
1548950400,3435.24,3461.98,3402.52,3480.03,19561.2003,67211793.58,140174
1548864000,3463.41,3435.24,3423.54,3489.59,17556.02489,60684263.15,136309
1548777600,3425.11,3463.41,3390,3475,30026.28919,102976031.3,111153
1548691200,3419.97,3425.12,3353.03,3444.15,28724.83172,97853011.86,120130
1548604800,3555,3419.49,3378.48,3575.06,28549.39111,99165061.32,173373
1548518400,3557.88,3555,3495.11,3581,19378.25193,68931504.97,110557
1548432000,3566.66,3557.86,3543.34,3650,18891.05133,67674610.51,114018
1548345600,3553.1,3566.66,3525,3587.74,17636.02107,62803417.57,121522
1548259200,3549.44,3553.11,3518.84,3574.18,17263.03383,61250687.55,130798
1548172800,3575.91,3549.45,3544.82,3607.22,17234.17716,61596953.1,147588
1548086400,3526,3575.8,3442.99,3584.17,20598.96584,72660404.55,134516
1548000000,3524.9,3526,3506.79,3559.37,19229.75622,67903084.5,117490
1547913600,3685.07,3524.88,3482.59,3693.92,23836.90267,86643975.42,119184
1547827200,3607.97,3684.84,3567,3720.3,19557.89478,71241905.33,115969
1547740800,3594.91,3608,3571.04,3630,23652.63753,85140217.68,98819
1547654400,3590.2,3595.44,3535.4,3608.84,20514.21053,73382411.6,129625
1547568000,3596.86,3590.2,3520,3640,22178.63862,79425457.01,132090
1547481600,3631.67,3596.94,3581,3663.67,24004.98519,86897881.08,111414
1547395200,3576.79,3631.96,3444,3644,25503.82157,89449736.36,113970
1547308800,3591.86,3576.79,3560,3611.76,14103.62955,50573447.97,80173
1547222400,3584.13,3591.87,3520,3646,20428.40415,73314929.44,99884
1547136000,3726,3584.53,3539.47,3726.87,32021.42424,114740937.3,142923
1547049600,3958.22,3725.35,3699.94,3994.1,32542.54742,124641016.6,166158
1546963200,3998.98,3958.22,3941.11,4007.69,18420.20932,73225370.86,96515
1546876800,3971.88,3998.98,3920.55,4068,20083.00518,79961754.5,118320
1546790400,3806.55,3971.54,3798.84,4030,27332.36847,108770737.4,143421
1546704000,3784.7,3807.01,3740.11,3823.71,21240.16016,80437782.36,112417
1546617600,3722.98,3784.77,3715.76,3845,27838.73479,105493497.9,155805
1546531200,3803.96,3722.98,3701.42,3804,25832.9481,97178747.62,111405
1546444800,3803.82,3803.96,3784.94,3880,24842.84573,95112417.74,122895
1546358400,3684.15,3803.93,3642,3838,26388.54068,99174108.41,97731
1546272000,3754.37,3684.13,3650,3776.9,19329.6424,71514985.3,78970
1546185600,3769.01,3754.47,3700,3819.31,27428.16075,103057265.5,92332
1546099200,3821.57,3768.66,3659.33,3879.87,29860.66879,112318641.9,135356
1546012800,3780.99,3822.97,3772,3886,35533.08527,135999411.5,149780
1545926400,3718.93,3781,3533.95,3808,34691.00098,125366576.5,162783
1545840000,3707.08,3718.93,3630,3812.18,32627.29464,121829644.2,135983
1545753600,3687.99,3708.15,3658.8,3830,37341.87585,139535627.1,174085
1545667200,4022.02,3687.85,3650,4083.57,44863.65981,172243265.4,242080
1545580800,3909.04,4024.78,3889.13,4199,43113.41075,176354111.3,229906
1545494400,3828.98,3909.03,3795.45,4020.81,33775.9797,133297099,177320
1545408000,3948.1,3829,3764.13,3979.99,36052.57832,138840526.6,199092
1545321600,3987.98,3946.27,3861,4138,56252.03227,225242183.8,332049
1545235200,3749.23,3987.98,3635,4065,58490.21544,225294449.2,291987
1545148800,3512.88,3749.21,3482.82,3913.05,55921.93187,207263872.7,271902
1545062400,3420.07,3512,3419.17,3584.99,45281.0978,158542406.3,191191
1544976000,3244.31,3420.35,3218,3450,35638.21917,117630329.4,115278
1544889600,3173.14,3244.31,3165,3290,27793.00195,90150687.34,105847
1544803200,3260.59,3172.1,3155,3280,33744.82005,108587800.4,139215
1544716800,3416.24,3260.54,3250,3422.63,35280.33512,116778947.7,150911
1544630400,3458.09,3415.9,3366.5,3489.04,26829.29429,91688249.68,143261
1544544000,3351.68,3458.1,3325,3492,34260.2171,116580618.1,117566
1544457600,3430.28,3351.67,3343.01,3520.54,31320.26356,106839411.4,141189
1544371200,3575.09,3430.28,3415,3650,30176.23815,106473537.8,148207
1544284800,3361.87,3575.2,3279.81,3586.2,33047.56259,113336544.1,144392
1544198400,3318.64,3361.86,3224.39,3500,47313.7783,159996957.3,213786
1544112000,3696.38,3315.5,3315.5,3701.59,46197.03871,159168962.9,233753
1544025600,3878.4,3695.53,3635,3892.5,44022.07445,166480226,231565
1543939200,4023.07,3878.4,3829.37,4024.59,30695.60216,119822881.4,146284
1543852800,3881.55,4023.02,3788,4075.13,33782.74607,132872694.7,181260
1543766400,4176.67,3880,3858,4240,37092.01204,150431987.1,185090
1543680000,4220.19,4176.45,4105,4314.18,33660.41812,141638672.5,171700
1543593600,4026.93,4219.35,3950,4230,30004.46919,122587983.8,177767
1543507200,4270.59,4028.3,3940.34,4384.46,44473.90039,186125267.8,290901
1543420800,4248.24,4270.6,4129.07,4444,45159.98124,193254248.3,308347
1543334400,3781.58,4248.25,3751,4280,49138.72926,197477691.5,292891
1543248000,3834.8,3781.45,3685,3989.62,52630.75512,201001925.9,292894
1543161600,3882.52,3835,3813.06,4226.01,52761.03389,212770040.9,265365
1543075200,4372.54,3882.06,3652.51,4373.35,62531.85977,245955981.5,338695
1542988800,4403.84,4372.49,4300,4528.03,23214.67701,102378751.2,156563
1542902400,4559.58,4404.11,4222.85,4582.16,34336.96407,151076424.9,236011
1542816000,4632.78,4559.57,4467.32,4721.54,27222.08572,125086678.1,199960
1542729600,4950,4632.51,4300,4958,49577.70245,228109346.8,349592
1542643200,5216.45,4950,4390,5250,55258.51101,265219293.1,361778
1542556800,5641.68,5216.93,5164.22,5737.73,32977.5673,179368325,209662
1542470400,5601.59,5641.68,5592,5685,20102.89903,113386022.7,97146
1542384000,5648.21,5601.3,5550,5678.36,20892.34135,117184844.6,117668
1542297600,5676.04,5647.69,5555,5779.04,27479.41929,155979291.1,187661
1542211200,6232.28,5675.81,5400,6271.53,48616.01942,280818898.4,357992
1542124800,6459.91,6232.28,6200.01,6498.2,25499.62266,163457195,166215
1542038400,6451.62,6459.96,6393.55,6470,9572.619937,61720705.32,87115
1541952000,6380.57,6450.76,6365.91,6485.5,13432.16065,86476002.07,84346
1541865600,6454.61,6380.48,6358,6470.19,18086.34008,116442045.4,68055
1541779200,6428.03,6454.61,6392.15,6465,18623.82889,119872679.7,65128
1541692800,6537.15,6427.89,6395.65,6538.35,23920.1687,154866413.1,99706
1541606400,6547.64,6537.15,6506.49,6600.47,21849.37353,143177112.4,92326
1541520000,6500,6547.63,6469.99,6620,22632.38672,148236417.1,125013
1541433600,6474.4,6500,6437,6518.81,20640.40825,133528629.6,115181
1541347200,6483.27,6474.56,6442.06,6520,17640.13748,114140019.3,88361
1541260800,6370.98,6483.26,6359.21,6500,18116.90312,115743140.5,56913
1541174400,6428.41,6370.72,6340,6447.04,12311.87615,78789357.12,47402
1541088000,6366.04,6428.4,6360,6460,12376.10705,79358038.98,53103
1541001600,6393.54,6365.81,6354,6395,12029.31015,76612130.19,57977
1540915200,6358.18,6392.33,6250,6422.59,13542.55196,85762406.31,64148
1540828800,6380.62,6357.71,6314.99,6388.5,13290.36916,84480583.78,67045
1540742400,6488.43,6380.65,6315,6507.4,14773.96999,95328263.33,87295
1540656000,6495,6488.1,6483.57,6513.15,8655.455597,56248567.75,59576
1540569600,6539.69,6494.97,6481,6556.82,8481.645267,55432383.42,59794
1540483200,6545,6539.68,6502,6600,11767.83647,77009889.57,77819
1540396800,6579.6,6545,6502,6601.48,12138.36709,79581119.85,63976
1540310400,6558.89,6579.6,6542.75,6625.03,11583.51739,76250012.22,131360
1540224000,6561.4,6557.57,6520,6593,12807.79586,84119909.6,57680
1540137600,6644.95,6561.38,6542.6,6644.99,13723.34648,90578887.44,62099
1540051200,6576.01,6644.99,6555,6661.01,12227.41757,80785649,48849
1539964800,6569,6576.02,6500,6614.62,18642.79313,122273666.3,67731
1539878400,6709.52,6569.41,6548.32,6715.16,19131.82874,126369621.9,78025
1539792000,6749.04,6709.52,6680,6795,14869.45765,100112058.9,61634
1539705600,6720.1,6746.59,6676.34,6804.22,18893.49437,127326156.5,62114
1539619200,6905.17,6720.15,6654,6955,11666.94228,79079032.02,76863
1539532800,6384.19,6910.2,6306.22,7591,40862.67711,280299412.2,233092
1539446400,6327.73,6382.04,6300.1,6400,5491.467587,34896163.3,42382
1539360000,6341.34,6327.5,6270,6343.69,6634.82143,41909362.05,53694
1539273600,6290.96,6340.83,6208.51,6357.08,11314.82362,71250662.12,98725
1539187200,6591.67,6290.96,6220.25,6644.97,15940.86652,101575853.4,128861
1539100800,6643.28,6591.25,6530,6672.94,7786.563053,51403741.77,66591
1539014400,6670,6642.92,6600,6698.7,6853.736615,45627529.01,58477
1538928000,6585,6670,6576.76,6704.43,8834.14968,58583388.98,64702
1538841600,6602.03,6585,6538,6640,5181.66525,34107257.99,42541
1538755200,6595.7,6601.77,6566.24,6688,6523.134207,43118280.24,50854
1538668800,6595,6595.7,6547.72,6628,5978.781392,39403694.14,54099
1538582400,6510,6595,6452,6642.84,6976.444304,45825676.08,62852
1538496000,6560.41,6509.61,6433,6585.96,7182.38198,46713714.44,75066
1538409600,6565.89,6560.41,6534.85,6640,6586.276173,43406827.19,73093
1538323200,6605.18,6566.88,6503.56,6664,7329.391012,48426853.78,75151
1538236800,6589.89,6605.18,6548.45,6664.99,7373.881746,48668470.55,72665
1538150400,6672.31,6591.4,6467.85,6695,10614.03381,69779782.08,88805
1538064000,6499.25,6672.3,6496.97,6800,16210.75011,108324917.3,119044
1537977600,6542.03,6498.04,6435,6550,9306.149649,60452044.84,81138
1537891200,6406,6539.64,6331,6560.05,10373.62089,66770666.44,85418
1537804800,6611.29,6404.95,6365,6663.14,12537.01548,81201804.6,95443
1537718400,6688.32,6611.46,6577,6729.08,8809.641294,58618310.98,62361
1537632000,6685.93,6688.32,6640.96,6785,8823.546564,59301034.28,76847
1537545600,6684.19,6683.95,6633.9,6839.25,14640.15872,98523118.77,139505
1537459200,6415.36,6684.58,6338.13,6798.5,22460.49356,148273423,163144
1537372800,6329.89,6415.36,6121.83,6518.67,15575.42095,99343133.23,97923
1537286400,6361.98,6329.89,6255.25,6372.4,10577.68289,66948717.52,74431
1537200000,6266.76,6361.98,6213.09,6398,15370.68204,96612492.53,108367
1537113600,6481.18,6266.11,6222.89,6534.14,14297.63008,92136268.12,96024
1537027200,6537.07,6481.21,6375.15,6558.56,11190.91907,72594445.61,69020
1536940800,6481.23,6535.11,6445.52,6563.15,11434.60536,74450198.42,78485
1536854400,6482.43,6481.21,6388,6584.04,17384.57276,112980479,106473
1536768000,6272.68,6482.58,6239.48,6528,18891.00712,120831003.9,107394
1536681600,6254.2,6272.68,6190.76,6320,18799.68509,117741361.4,100141
1536595200,6298.63,6254.2,6172,6397.74,19501.45256,122893444.7,87181
1536508800,6375.07,6298.63,6215,6394.95,16896.7545,106820355.2,64857
1536422400,6428.43,6375.07,6120,6449,22548.52284,141139279.2,96343
1536336000,6378.73,6428.43,6358.83,6480.06,22089.12467,141984002.1,61487
1536249600,6423.03,6379.58,6318.15,6539.46,25480.89925,164472928.8,96020
1536163200,6992.9,6424,6300,7000,36873.35888,241676970.5,187642
1536076800,7378.88,6990.87,6927.46,7418,22771.70795,164399714.7,127693
1535990400,7289.32,7379.77,7240.06,7402.83,18752.062,137135621.4,74385
1535904000,7218.07,7289.03,7195.03,7331.43,18005.9384,130727348.3,75457
1535817600,7167.71,7218.1,7130,7341.82,20791.404,150146986,97366
1535731200,6959.41,7170.01,6950.67,7211,19299.59276,136333912.9,80223
1535644800,6865,6959.42,6805,7018,18853.2845,130892991.9,85150
1535558400,6979.92,6864.92,6818,7076.07,19418.48767,135361885.1,89128
1535472000,7051.87,6978.48,6923,7135,17861.92471,126280675.9,98444
1535385600,6753.57,7050.83,6710,7092.6,18076.53863,124883350.5,102711
1535299200,6676.66,6751.72,6636.06,6769.94,14142.45299,94746272.25,84436
1535212800,6739.94,6676.5,6570,6777.15,14409.20816,96241380.04,72619
1535126400,6501.66,6739.99,6497.58,6781.02,28944.1286,192760566.5,94228
1535040000,6431.15,6501.67,6360,6571.83,25642.55128,166607640.5,101060
1534953600,6480,6431.14,6250,6486.26,22609.016,144978619.6,111640
1534867200,6413.35,6480,6371,6888.88,20881.23809,138798157.2,150391
1534780800,6424.22,6413.35,6230,6519,15219.9706,97022832.56,137287
1534694400,6410.89,6424.5,6330.59,6540,15387.22763,99241412.18,112043
1534608000,6357.91,6410.89,6300,6470.05,14792.57992,94394365.29,113581
1534521600,6476.02,6359.33,6301.09,6617,25917.77256,168161655,192314
1534435200,6403.65,6474.23,6233.49,6548,24798.14553,159262157.9,166262
1534348800,6429.99,6403.65,6210,6586.72,27383.47435,174807734,143965
1534262400,6029.3,6422,5978.52,6470,24056.72763,151166521.5,154256
1534176000,6285.28,6029.3,5884.15,6328.77,23786.91484,144702974,200068
1534089600,6315.37,6285.28,6218,6533.39,19100.03687,121820839.9,170931
1534003200,6109.46,6315.84,6059.6,6474.29,21198.33571,133705036.8,207251
1533916800,6456.26,6109.46,5980,6460.51,20862.67043,128013538.6,266113
1533830400,6445.96,6456.26,6300,6616,19298.19127,124418603,212711
1533744000,6478.3,6445.56,6125.06,6544.54,24344.21192,153935967.3,262293
1533657600,7115,6473.16,6395.71,7140.01,25945.30699,172688540.2,287150
1533571200,6976,7114.96,6850,7145,17565.9778,122845384.9,227593
1533484800,7001.96,6976.55,6889.52,7150,14669.02277,102939173.1,227571
1533398400,6994.53,7002.65,6888,7088,18056.87456,126142738.9,186857
1533312000,7478.47,6993.84,6950.01,7534.65,22216.62083,162415092.2,185363
1533225600,7515.2,7478.73,7270,7589.7,23092.26083,171072487,195843
1533139200,7601.48,7515.25,7440,7698.92,24274.8187,183952406.3,164621
1533052800,7757.99,7601.48,7480,7834.8,28808.5264,219965086,233839
1532966400,8119.98,7757.99,7651.92,8200.02,28784.7352,228929230.1,198441
1532880000,8231.63,8120.2,8076.06,8277.12,11684.55305,95422774.23,142224
1532793600,8113.22,8232.13,8113.22,8295,9783.501589,80203361.32,134679
1532707200,8149.81,8113.23,8006.01,8278,10389.97198,85043547.35,151179
1532620800,8208.36,8149.67,7800,8301.08,19332.43734,154402778.5,203212
1532534400,8116.41,8208.36,8078.84,8329.52,13405.66892,110164600.8,189388
1532448000,8178.75,8117.67,8055.51,8487.3,25071.70912,207754807,261902
1532361600,7730.94,8178.75,7641.57,8360,28289.92071,225921433,292215
1532275200,7526.85,7730.27,7343,7800,17260.58056,131572911.8,202047
1532188800,7395.86,7526.83,7339.92,7551.67,9387.875698,69849511.23,147504
1532102400,7467.46,7395.63,7214.92,7699,15777.13569,116279238.6,202733
1532016000,7399.92,7467.74,7351,7558,15041.57521,111964653.1,222755
1531929600,7426.69,7400.41,7240.1,7588,17928.83009,132425799.2,215092
1531843200,6780.55,7427.43,6737.3,7546,25140.4005,184344169.1,245883
1531756800,6640,6780.4,6617.6,6793.85,12101.81943,81109352.03,154225
1531670400,6389.5,6640,6333.11,6700,11674.28037,75672695.96,130638
1531584000,6244.58,6389.51,6200,6391.48,10877.03216,68515590.45,131619
1531497600,6262.73,6244.09,6127,6337.25,7605.291844,47325042.58,120209
1531411200,6171.26,6262.64,6078.05,6287.3,10704.95137,66639513.99,140697
1531324800,6354.57,6170.8,6135.11,6375.24,12914.23615,80613781.74,150371
1531238400,6381.4,6354.58,6270,6410,14501.3297,92052028.77,172040
1531152000,6733.8,6381.4,6326.1,6798.87,16169.66627,105765760.2,194657
1531065600,6743.66,6733.8,6666,6772.75,7537.67559,50622100.18,108045
1530979200,6559.98,6743.66,6510.25,6800,11442.69811,76732175.44,121460
1530892800,6566,6560.03,6500,6625.93,7841.924574,51558574.52,120206
1530806400,6616.01,6566,6440.11,6643.5,13368.4526,87242489.3,182716
1530720000,6681.75,6616.01,6522.75,6700,13414.19664,88786642.79,171083
1530633600,6588.77,6681.09,6415.14,6799,12870.50665,84413580.83,181568
1530547200,6623.94,6588.9,6528,6683.55,10668.25381,70551585.62,165378
1530460800,6313.42,6623.63,6269.31,6666.66,10989.99234,70833322.11,165366
1530374400,6377.48,6312.21,6258,6450,7126.382957,45288652.24,141740
1530288000,5903.78,6379.1,5864.69,6515.55,13525.01954,85187041.67,176425
1530201600,6104.65,5903.82,5800,6120.3,10558.68918,62466298.84,165872
1530115200,6107.11,6104.65,6066.53,6190.91,8310.898255,50844256.86,109601
1530028800,6187.2,6109.36,6001,6250,10300.39301,62871916.24,137734
1529942400,6293.16,6187.59,6122,6326.75,8473.274401,52757131.77,145572
1529856000,5774.54,6293.16,5766.37,6334.97,16238.24706,100023814.9,179598
1529769600,6096,5781.31,5760,6257.65,13459.87596,80043468.77,165868
1529683200,6153.76,6095.99,5928.51,6237.27,13306.26624,80977156.32,155512
1529596800,6712.14,6148.95,6066,6744.11,15735.94253,100912814.9,139300
1529510400,6752.7,6712.14,6675.85,6808.75,6670.784626,44971907.21,84243
1529424000,6737.56,6752.7,6555.6,6777.16,9754.606812,64927135.72,103181
1529337600,6463.18,6734.75,6450.89,6833.23,11682.44461,78368407.83,105935
1529251200,6517.92,6465.54,6380.58,6550.15,8278.992158,53343062,83272
1529164800,6359.9,6518,6329.92,6594,8394.179218,54575411.89,83389
1529078400,6537.52,6359.95,6328.16,6616.24,8266.925717,53346648.77,94655
1528992000,6344.96,6537.52,6342.14,6700,14097.57034,92567784.51,137595
1528905600,6368.52,6346.14,6127.3,6545,17953.7479,114394302.5,147258
1528819200,6757.83,6368.57,6350,6758.54,16443.37129,107118509.8,136643
1528732800,6685.48,6757.3,6670,6915,11690.98368,79445449.2,110265
1528646400,7224.37,6683.86,6623.61,7230.63,21278.79828,144056331.3,199913
1528560000,7611.89,7224.37,7163.96,7627,22759.8489,167079902.7,131148
1528473600,7633.35,7611.89,7568.77,7686.08,12133.17415,92637414.41,67568
1528387200,7687.35,7634.07,7536.42,7738.58,13510.35224,103042751.3,91204
1528300800,7653.85,7687.35,7482.77,7775,17596.50896,134992960,106899
1528214400,7564.5,7653.95,7534.14,7677.22,19319.20724,147054766.7,120164
1528128000,7502.09,7567,7350,7567,20429.04066,152057186.7,130969
1528041600,7730.41,7502.09,7453,7763.86,19436.6809,147905871.7,117687
1527955200,7616.17,7730.41,7551,7775.09,14250.56097,109559949.4,101891
1527868800,7446.01,7616.17,7402.05,7700,14709.70996,111329177.3,98463
1527782400,7555.66,7446.15,7364.14,7615.35,16208.74491,121794696.9,110541
1527696000,7332.1,7555.75,7258,7603.86,15535.13887,115932090.8,112451
1527609600,7429.82,7334.57,7303.11,7564.66,14786.71816,110496650.4,109339
1527523200,7233.89,7429.87,7038.08,7481.43,21966.22469,158274557.6,117546
1527436800,7346.95,7233.3,7159.5,7431.12,17151.26719,124892564,123079
1527350400,7535.57,7346.68,7238.46,7600,10534.84579,77425098.39,82942
1527264000,7502.28,7535.57,7352,7618,11774.85211,87982745.95,84601
1527177600,7568,7502.94,7327,7654.31,14884.55586,111743097,103617
1527091200,7690.74,7565.87,7265,7770,25489.32783,191916728.6,176608
1527004800,8229.95,7694.54,7650.38,8258.41,17316.64582,137578149.7,114227
1526918400,8400.23,8230.71,8137.04,8433.2,13686.53832,113684614.7,91981
1526832000,8391.99,8400.22,8343.83,8588,12886.04792,109312788.2,107461
1526745600,8306.99,8391.99,8166.74,8392.72,9894.96081,81982967.74,89771
1526659200,8116.05,8307,8074.04,8388,11824.01494,97291053.1,102182
1526572800,8307,8116.05,7892.53,8320.99,17174.37043,138839663.7,128612
1526486400,8272.41,8307,8199,8470.95,13440.20156,111669250.4,110685
1526400000,8522.78,8273.35,8089.67,8585,19705.7016,163736734.9,150548
1526313600,8789,8519.56,8459.9,8877.5,17758.24504,154399940.1,142247
1526227200,8616.02,8777.57,8278.79,8821.86,17931.99057,153131387.4,146954
1526140800,8322.98,8619.01,8237.6,8660.28,13833.07142,117168849.4,128758
1526054400,8572.43,8322.86,8056,8670,21698.65818,181929978.8,226188
1525968000,9365.42,8572.42,8450,9384.85,23612.34878,209240354.6,238210
1525881600,9285.92,9361.01,9227.57,9400.92,11602.0222,108330057.1,133029
1525795200,9203,9285.92,8975.18,9334.17,12978.92018,118968544,163356
1525708800,9359.29,9201.97,9070,9480.09,14076.26568,131010255.6,158935
1525622400,9511.5,9359.26,9189,9686.31,14860.62355,139431014.6,156681
1525536000,9937.37,9511.5,9436.78,9980,16476.28657,160328490.4,158475
1525449600,9628,9932.43,9586,10005.5,15349.87893,151177287.1,130197
1525363200,9437.99,9628.61,9421.94,9840,18121.45043,175253159.6,156518
1525276800,9160.66,9437.99,9067,9510,17906.90627,166132576.6,165277
1525190400,8925.98,9160.65,8920.3,9200,11440.58493,103911713.3,116011
1525104000,9313.71,8925.98,8830,9366.88,14100.4472,127573701.5,178213
1525017600,9338.86,9313.72,9101,9456,13683.52581,127287902.9,169235
1524931200,9357.08,9329.48,9159.69,9640,22383.45209,210384081.2,238955
1524844800,9245.29,9357.08,8871.96,9433.87,17995.71427,165555860.7,167926
1524758400,8810.8,9245.29,8780,9377.72,19301.30139,177150259.3,135954
1524672000,8962.92,8810.8,8657,9175,27152.2021,240825332.3,212845
1524585600,9347.16,8962.87,8791,9750,38409.19568,357795269.4,315422
1524499200,8900.74,9347.15,8801.02,9420,23098.20704,211787150.3,179722
1524412800,8947.99,8900.74,8749.9,9030,18056.95279,160351046.8,158378
1524326400,8832.89,8947.99,8716.78,9020,19897.1658,176262320,168871
1524240000,8466.23,8830.95,8450,9032.96,24825.72732,217373837.1,204174
1524153600,8229.85,8471.55,8190,8561,19814.89643,165623972.4,165760
1524067200,7991.98,8229.85,7989.12,8287.58,15716.59341,128592482.5,131970
1523980800,8085.95,7993.11,7836.95,8151.9,17541.11094,140517201.5,131660
1523894400,7970,8082,7913.66,8159.87,16282.53755,131075127.7,107518
1523808000,8268,7970,7880,8399.12,22247.4331,180493819.3,138409
1523721600,7958.1,8269.23,7916.02,8408.88,17326.72089,141373668.1,156510
1523635200,8126.68,7958.86,7800,8175.53,21278.07471,169903883.9,196285
1523548800,7629.41,8126.68,7568,8230,29796.63613,236481371.2,248387
1523462400,6933.01,7632.48,6759,7900,32239.93566,234746982.8,274783
1523376000,6825.82,6933.03,6772.06,6965,12409.34174,85038773.74,129008
1523289600,6740.14,6826,6623,6843.85,14093.17785,95055048.78,128214
1523203200,7040.16,6740,6690,7179.99,16490.373,114660339.1,136516
1523116800,7007.87,7040.16,6857.48,7099,10419.23853,72802417.93,100855
1523030400,6591.89,7003.98,6520,7022.41,13099.04695,89185045.35,87944
1522944000,6751.67,6590.3,6506.05,6850,15741.98466,105086727.8,107615
1522857600,6801.32,6751.44,6499.95,6918,21483.68797,145134735.7,133898
1522771200,7372.84,6801.32,6786.69,7500,20946.19044,150829300.4,130487
1522684800,7025.39,7370.47,6901.9,7421.21,21427.82652,154528231.1,109156
1522598400,6450.02,7025.3,6440,7130.9,27776.22529,192405321.3,124406
1522512000,7063.23,6450,6450,7177.82,27932.7586,190169897,121652
1522425600,6885.91,7063.19,6613,7200,30718.67819,212895713.6,128563
1522339200,7475,6885.91,6699,7579.99,42278.14205,297451449.7,223604
1522252800,7860.79,7480,7349,8008.89,25284.06773,193316606.6,114568
1522166400,8036.08,7861.7,7742,8100,18568.92358,147151279.1,85575
1522080000,8079,8050,7747.54,8250,25550.06403,203252468.6,138167
1521993600,8469.32,8079,8022,8650,18753.82944,155600300.5,107475
1521907200,8949.99,8469.32,8360,8970.46,14693.6765,125971152.9,103718
1521820800,8626.15,8950,8560,9020,13462.37086,118718300.9,98340
1521734400,8612.56,8625,8277.05,8757.55,15804.68972,134596237.5,100205
1521648000,9037.56,8612.56,8479.01,9095.1,20033.9593,177233825.9,148876
1521561600,8524.36,9037.56,8524.32,9164.8,26082.38363,233644712.4,144464
1521475200,8551.18,8529.55,8280,8652.43,21228.4871,180109621.5,133804
1521388800,7384.73,8549.95,7333,8680,32918.35356,268889867.5,177041
1521302400,7900,7381.69,7318.44,8040,23837.29505,183200610,149061
1521216000,8537.98,7899.9,7849.83,8600.2,19901.54766,163134370.9,111628
1521129600,8110,8535,7910,8590,20676.11478,170123289.1,121480
1521043200,8732.51,8110,7666,8735.39,29382.29671,239036582.4,208243
1520956800,9083.56,8730,8589.96,9330,16851.59904,151190092,101432
1520870400,9167.77,9083.56,8800,9467.61,17710.08239,161884030.5,113588
1520784000,9055.21,9169,9051.7,9849.32,20078.78707,191681374.2,108118
1520697600,9355,9055.11,8455.55,9427.95,23101.9348,205176638.6,124934
1520611200,8931.15,9367.8,8632,9476,22180.68376,203534579.3,119535
1520524800,9893.81,8931.1,8324.19,9900,31679.55719,284374988.1,189569
1520438400,10670,9893.7,9459.5,10696.17,29333.17865,289156495.4,181752
1520352000,10978,10670,10310,11022,19322.78673,206256382.1,95007
1520265600,11510.05,10982.42,10794.99,11688.32,16815.61983,188335381.1,93537
1520179200,11160,11524.9,11120,11599.99,14809.60769,169815364.2,84279
1520092800,11470.01,11160,11072.1,11528.46,15174.62407,171100461.8,71136
1520006400,10839.25,11471.24,10775.42,11523.36,14525.08242,163831979.1,77645
1519920000,10697.12,10838.99,10697.12,11207.56,14353.53911,157344007.8,90060
1519833600,10512.01,10695.8,10238,10811,14235.4096,149868405.2,90092
1519747200,10572,10518.53,10378,11067.99,12590.53264,134524596.6,86945
1519660800,10267.98,10574.23,10130,10856.98,13697.59175,143543448.7,87567
1519574400,9385,10267.97,9280.09,10327.98,12629.19127,123774981.4,77546
1519488000,9761.09,9390,9280.04,9838.26,11355.31383,108832382.9,71561
1519401600,10286.65,9760,9565,10500,13212.19108,132628447.9,87611
1519315200,9988,10290,9568,10420,15283.32868,152057795.8,93471
1519228800,10550,9988,9749.93,10911,17284.78859,177900504.7,106979
1519142400,11519.42,10550.17,10420,11785,14493.37696,159961171.5,110001
1519056000,11199.09,11519.43,10925,11700.95,10225.60676,116339854.2,89039
1518969600,10600.92,11194,10311.15,11268.19,11198.89878,120786690.2,75437
1518883200,10737.57,10562.01,10088,11269.9,14407.93587,153868670.1,108906
1518796800,10025.92,10737.28,9861.38,10880.84,11957.62176,125776634.9,85180
1518710400,9792.32,10030.01,9632.1,10297.69,11328.61504,112957711.1,85645
1518624000,9289,9792.32,9155.05,9910,11659.57435,111573430.1,99832
1518537600,8477.11,9289,8475.42,9289,10628.85274,94179045.66,98112
1518451200,8645,8484.89,8366,8960.09,9148.756251,78932992.86,81128
1518364800,8439.52,8646.66,8028.28,8837.75,10794.37374,91821754.56,81091
1518278400,8329.69,8440,7828.22,8578.93,13341.14008,109071129.5,107376
1518192000,8346.66,8329.79,8288,9044,12477.48032,108383514,112662
1518105600,8257.83,8345,7738.61,8495.05,12277.62783,100169128.4,92359
1518019200,8164.03,8241.33,7568,8650,17443.21794,141991439.1,145186
1517932800,7276.21,8165.59,6805,8525,28420.62106,219123592.3,216587
1517846400,7425.37,7274.99,6051.19,7516.77,46288.22352,310857815.4,328523
1517760000,8422.99,7425.42,7213.13,8580,23669.35306,188005031.3,200970
1517673600,9150,8416.7,8357.7,9440.15,14133.3164,126351555.8,147908
1517587200,9054.95,9150,8250,9495,17592.27961,155194032.4,182465
1517500800,9369.61,9055,8028,9550,29169.67917,255556800.2,301591
1517414400,10045.74,9369.71,9266,10300.31,17233.08693,170182510.6,209155
1517328000,10397.95,10031.55,9699.99,10550,13852.21802,140618194.4,185952
1517241600,11368.21,10383.51,10243.41,11450.38,7432.978392,81175585.65,128642
1517155200,11778.98,11368.21,11132,11942.22,6832.554822,78700137.97,118092
1517068800,11438.87,11779,11320,12274.25,9020.12952,105723039.3,140108
1516982400,11050.17,11438.91,10790,11445.85,8238.595865,91483277.49,112214
1516896000,11058,11050.17,10368.06,11672.49,13961.25002,153213841.8,204315
1516809600,11077.57,11058.06,10872.05,12000,12260.63868,139081388.1,206360
1516723200,10724.79,11066.1,10350,11490.2,13203.45232,144450801,208056
1516636800,10399,10724.79,10000,10970.4,9949.066519,104144748.7,147143
1516550400,11502,10391.98,10260,11865,9352.908521,104988410.4,155155
1516464000,12500,11502,11500,12980,9242.227815,112700488.5,169273
1516377600,11461.15,12500,11057.88,12760,9127.309079,110405814.3,158871
1516291200,11621.27,11440.96,10592,11888,11386.513,128563605,194470
1516204800,9380.11,11624.99,9380,11761.01,17913.43419,195319663.3,260970
1516118400,11928.17,9380.11,9100,11949,21224.52038,220144498.2,285583
1516032000,13943.99,11949.82,10999,14005,14110.02092,174256006.5,200330
1515945600,12977.49,13943.99,12780.21,14196,9000.298614,122013172.9,187201
1515859200,14279.92,12963.05,12706.12,14400,8672.974665,118885248.2,138830
1515772800,13406.75,14279.87,13202.55,14545.18,8558.865108,119980545.8,137042
1515686400,13929.15,13406.75,12800,14174.94,8345.522128,113410026.4,146777
1515600000,14314.38,13929.1,12688,14886.86,11517.72501,158691553,159530
1515513600,14699.85,14274.39,13400.01,15078.55,8950.325927,126561821.7,154451
1515427200,14350.1,14699.99,14118,15351.01,9029.198642,133884574.4,134156
1515340800,16510.04,14350.05,13433,16510.06,10680.78762,163656112.9,156894
1515254400,16498,16510.06,16235.57,17150,6708.468333,111945675.6,132512
1515168000,16114.99,16498,16099.98,17157.48,9428.669572,156381878.7,132356
1515081600,14441.85,16099.6,14350,16278.56,7231.000004,111734639.4,129816
1514995200,14960.88,14445.98,14118,15280,7872.377387,115878219.4,156392
1514908800,13659.5,14940.02,13634.98,15277.02,7983.528667,117322216.8,138081
1514822400,13210.39,13659.53,12968.06,13850,7071.933448,95080183.47,112029
1514736000,13249.25,13210.39,12749.87,14050,7900.608706,106750360.2,104770
1514649600,12460,13284.18,11800,13443.51,8294.467984,106361573.4,108183
1514563200,14568.05,12460,12000.58,14850,10148.31266,135712876.7,148599
1514476800,13998.18,14597.91,13388.04,15007.98,6614.245493,94605927.77,85638
1514390400,15212.68,14035.95,13213.54,15555.59,9820.294631,140215771.2,113667
1514304000,15640,15200,14960,16500,7871.291478,124372812,83321
1514217600,13468.71,15623.22,13321.01,15777.77,7944.882355,116876151.7,94046
1514131200,12650.81,13468.71,12001.9,14135.81,6759.599934,89862030.52,90985
1514044800,14493.77,12680.83,11703.26,14910.93,9901.283157,131158152.9,145102
1513958400,12219.29,14498.99,11599.75,14900,10937.80085,149577579.8,183621
1513872000,15259.95,12218.97,10994.93,16388,18960.35906,260427449.5,226128
1513785600,16631.28,15260,14808,17406.2,7711.784303,125860912.2,116438
1513699200,17499.06,16631.28,15701,18089.99,9946.065831,168251350.4,176821
1513612800,18695.23,17499.86,17200,18978.91,10130.13302,185220653.8,185978
1513526400,19194.03,18674.2,17700,19460,9507.195352,177898460.8,103801
1513440000,18947.17,19194.03,18460.84,19875.85,8213.744932,158287047.3,82768
1513353600,17600,18947.17,17150,18949.8,7440.554968,131941770.7,103126
1513267200,16116,17600,15900,18000,10682.444,182712630.9,147313
1513180800,15954.64,16116,15333,16658.3,8808.68869,140723251.5,139608
1513094400,16318.84,15954.64,14999,16650.78,7952.796278,128157387.1,143110
1513008000,16400.44,16318.86,15694.91,17286.85,9752.365366,160824067.2,121183
1512921600,15200,16400.44,14327.1,16499,6347.662058,100443858.3,63705
1512835200,14439.24,15200,12619.01,15500,9235.21727,128603868.7,85490
1512748800,15411,14439.44,14300,16150,6255.637172,94822925.65,69375
1512662400,15403.93,15411,13981.2,17899,12967.61967,204588251.7,131056
1512576000,12417.28,15403.93,12330,15555,11980.75027,169527543,84823
1512489600,11790.08,12417.28,11587.44,12878.63,9469.27051,115051017.5,61404
1512403200,11295.1,11789.17,11105.15,11870.2,6947.411079,80329394.33,40050
1512316800,11732.02,11300,10519.27,11788.2,7528.065511,85111560.29,46168
1512230400,10707.71,11733.5,10707.02,11788.9,5767.305231,64440318.29,43863
1512144000,10447.42,10707.69,10351.48,11381,6725.123513,72989546.21,52121
1512057600,9124.56,10449.92,9099.71,10686.07,8201.286248,80874486.06,69765
1511971200,10899.81,9113.39,8860.88,11100.59,11188.34371,112546046.4,107731
1511884800,9873.07,10897.5,9834.05,11296,9829.438478,103039568.8,95481
1511798400,9589.05,9872.92,9450,9942.36,7133.604319,69728005.57,65401
1511712000,9059,9597.67,9050,9700,7917.640652,74661072.23,56990
1511625600,8504.08,9058,8471.02,9059.99,6448.568721,56659989.73,41268
1511539200,8133,8502.56,8067.12,8555,5941.485117,49219081.53,54213
1511452800,8250.44,8133,7974.28,8412.99,8153.842063,66618115.73,51323
1511366400,8263.72,8250.34,8070,8287.04,7081.189455,58160893.45,37792
1511280000,8361.14,8263.69,8070.93,8399,6006.473504,49557449.64,29294
1511193600,8205.81,8363.28,7859.51,8382.9,5722.483262,46650955.31,30255
1511107200,7764.94,8200.24,7758.57,8247.99,5909.274721,47425765.99,31548
1511020800,7644.18,7762.96,7609.85,7825,4889.162514,37839606.29,26421
1510934400,7927.88,7645.91,7400,7950,6120.736695,46767852.51,36766
1510848000,7427.72,7926.39,7390.52,7950,9105.325013,70494823.79,46310
1510761600,7265.17,7427.72,7104,7501,5977.947522,43551796.09,30008
1510675200,6452.51,7265.17,6425,7286,4667.943554,31872301.57,28655
1510588800,6644.84,6455.92,6229.6,6651.23,4242.189687,27486168.6,29055
1510502400,6140.1,6644.69,5648.99,6730.31,8032.877,49718000.62,50728
1510416000,6120,6142.33,5205,6500,9379.628902,55788952.26,65457
1510329600,6813.69,6120.88,6040.64,6940.78,5354.346219,34590945.23,47794
1510243200,7142.04,6813.69,6706.53,7287.67,3915.444522,27749582.35,32745
1510156800,7468.57,7142.03,7062.77,7685.32,5076.637532,37174740.61,29186
1510070400,7008.26,7471.72,6969.02,7486.61,3192.799143,23305004.5,18491
1509984000,7230.23,7008.2,6969.62,7244.98,1917.302102,13621093.16,17631
1509897600,7512.86,7230.23,7150.01,7537.89,1132.161817,8345485.053,14083
1509811200,7305.17,7516.94,7305.17,7542.06,1599.8072,11882128.85,13527
1509724800,7316.88,7305.17,6967.41,7318.47,3205.73504,22853058.7,15936
1509638400,7026.15,7317.56,6850.01,7322.9,2211.367573,15782943.55,16491
1509552000,6561.6,7026.15,6560.18,7100,1034.642154,7135970.352,10974
1509465600,6339.18,6562.73,6285,6590.72,352.0123955,2268445.446,5414
1509379200,6076.87,6339.65,6051.36,6384.91,228.9869409,1429026.462,2507
1509292800,5940.77,6076.9,5875,6215.8,272.6605644,1663914.385,3477
1509206400,5656.46,5936.95,5648.03,5977.3,257.8144728,1474286.661,2452
1509120000,5743.43,5658.62,5637.63,5791.8,304.1004229,1735743.411,1561
1509033600,5876,5739,5669.93,5948.52,523.9276598,3066162.752,1556
1508947200,5712,5875.91,5400,5990,1489.138175,8509059.112,1020
